v,s,insum,serr,vmod,smod,gaussian fit params,,
,,,,,,,,
-1094.9799,-0.0187,0,0.04588,-1094.9799,4.43E-06,-126.05897,v0,
-991.75238,-0.10681,0,0.04566,-1093.9799,4.51E-06,221.52155,sigma,
-888.54177,0.02499,0,0.04124,-1092.9799,4.60E-06,35.0671,area,
-785.34813,0.08364,0,0.03958,-1091.9799,4.70E-06,-0.0036,c0,full model is gaussian plus a linear baseline
-682.17152,0.0076,0,0.03335,-1090.9799,4.79E-06,-9.15E-06,c1,linear baseline is: c0 + c1*(v-v0)
-579.01201,-0.00207,1,0.03132,-1089.9799,4.88E-06,,,
-475.86965,0.00628,1,0.0319,-1088.9799,4.98E-06,,,
-372.74451,0.03037,1,0.03115,-1087.9799,5.08E-06,,,
-269.63665,0.07677,1,0.02785,-1086.9799,5.18E-06,,,
-166.54614,0.04033,1,0.02788,-1085.9799,5.28E-06,observed wavelength [um],,
-63.47303,0.05392,1,0.02961,-1084.9799,5.39E-06,178.56,,
39.5826,0.0648,1,0.03011,-1083.9799,5.49E-06,,,
142.6207,0.04836,1,0.02852,-1082.9799,5.60E-06,Integrated flux [Jy.km/s],,
245.64121,-0.02124,1,0.02814,-1081.9799,5.71E-06,29.11684,,
348.64405,-0.01521,1,0.03047,-1080.9799,5.82E-06,,,
451.62917,0.09093,0,0.03133,-1079.9799,5.94E-06,Integrated flux [W/m^2],,
554.59651,-0.03256,0,0.03004,-1078.9799,6.06E-06,1.63065E-18,,
657.54599,0.05553,0,0.03134,-1077.9799,6.17E-06,,,
760.47756,-0.0762,0,0.03689,-1076.9799,6.30E-06,,,
863.39116,-0.00428,0,0.0381,-1075.9799,6.42E-06,,,
966.28671,0.02884,0,0.03501,-1074.9799,6.54E-06,,,
1069.1642,-0.07237,0,0.0398,-1073.9799,6.67E-06,,,
1172.0234,0.06123,0,0.04538,-1072.9799,6.80E-06,,,
1274.8645,-0.03858,0,0.05269,-1071.9799,6.93E-06,,,
,,,,-1070.9799,7.07E-06,,,
,,,,-1069.9799,7.21E-06,,,
,,,,-1068.9799,7.35E-06,,,
,,,,-1067.9799,7.49E-06,,,
,,,,-1066.9799,7.63E-06,,,
,,,,-1065.9799,7.78E-06,,,
,,,,-1064.9799,7.93E-06,,,
,,,,-1063.9799,8.08E-06,,,
,,,,-1062.9799,8.24E-06,,,
,,,,-1061.9799,8.40E-06,,,
,,,,-1060.9799,8.56E-06,,,
,,,,-1059.9799,8.73E-06,,,
,,,,-1058.9799,8.89E-06,,,
,,,,-1057.9799,9.06E-06,,,
,,,,-1056.9799,9.24E-06,,,
,,,,-1055.9799,9.41E-06,,,
,,,,-1054.9799,9.59E-06,,,
,,,,-1053.9799,9.78E-06,,,
,,,,-1052.9799,9.96E-06,,,
,,,,-1051.9799,1.02E-05,,,
,,,,-1050.9799,1.03E-05,,,
,,,,-1049.9799,1.05E-05,,,
,,,,-1048.9799,1.07E-05,,,
,,,,-1047.9799,1.09E-05,,,
,,,,-1046.9799,1.12E-05,,,
,,,,-1045.9799,1.14E-05,,,
,,,,-1044.9799,1.16E-05,,,
,,,,-1043.9799,1.18E-05,,,
,,,,-1042.9799,1.20E-05,,,
,,,,-1041.9799,1.22E-05,,,
,,,,-1040.9799,1.25E-05,,,
,,,,-1039.9799,1.27E-05,,,
,,,,-1038.9799,1.30E-05,,,
,,,,-1037.9799,1.32E-05,,,
,,,,-1036.9799,1.34E-05,,,
,,,,-1035.9799,1.37E-05,,,
,,,,-1034.9799,1.40E-05,,,
,,,,-1033.9799,1.42E-05,,,
,,,,-1032.9799,1.45E-05,,,
,,,,-1031.9799,1.47E-05,,,
,,,,-1030.9799,1.50E-05,,,
,,,,-1029.9799,1.53E-05,,,
,,,,-1028.9799,1.56E-05,,,
,,,,-1027.9799,1.59E-05,,,
,,,,-1026.9799,1.62E-05,,,
,,,,-1025.9799,1.65E-05,,,
,,,,-1024.9799,1.68E-05,,,
,,,,-1023.9799,1.71E-05,,,
,,,,-1022.9799,1.74E-05,,,
,,,,-1021.9799,1.77E-05,,,
,,,,-1020.9799,1.80E-05,,,
,,,,-1019.9799,1.84E-05,,,
,,,,-1018.9799,1.87E-05,,,
,,,,-1017.9799,1.91E-05,,,
,,,,-1016.9799,1.94E-05,,,
,,,,-1015.9799,1.98E-05,,,
,,,,-1014.9799,2.01E-05,,,
,,,,-1013.9799,2.05E-05,,,
,,,,-1012.9799,2.09E-05,,,
,,,,-1011.9799,2.12E-05,,,
,,,,-1010.9799,2.16E-05,,,
,,,,-1009.9799,2.20E-05,,,
,,,,-1008.9799,2.24E-05,,,
,,,,-1007.9799,2.28E-05,,,
,,,,-1006.9799,2.33E-05,,,
,,,,-1005.9799,2.37E-05,,,
,,,,-1004.9799,2.41E-05,,,
,,,,-1003.9799,2.45E-05,,,
,,,,-1002.9799,2.50E-05,,,
,,,,-1001.9799,2.54E-05,,,
,,,,-1000.9799,2.59E-05,,,
,,,,-999.9799,2.64E-05,,,
,,,,-998.9799,2.68E-05,,,
,,,,-997.9799,2.73E-05,,,
,,,,-996.9799,2.78E-05,,,
,,,,-995.9799,2.83E-05,,,
,,,,-994.9799,2.88E-05,,,
,,,,-993.9799,2.93E-05,,,
,,,,-992.9799,2.98E-05,,,
,,,,-991.9799,3.04E-05,,,
,,,,-990.9799,3.09E-05,,,
,,,,-989.9799,3.15E-05,,,
,,,,-988.9799,3.20E-05,,,
,,,,-987.9799,3.26E-05,,,
,,,,-986.9799,3.32E-05,,,
,,,,-985.9799,3.37E-05,,,
,,,,-984.9799,3.43E-05,,,
,,,,-983.9799,3.49E-05,,,
,,,,-982.9799,3.56E-05,,,
,,,,-981.9799,3.62E-05,,,
,,,,-980.9799,3.68E-05,,,
,,,,-979.9799,3.75E-05,,,
,,,,-978.9799,3.81E-05,,,
,,,,-977.9799,3.88E-05,,,
,,,,-976.9799,3.95E-05,,,
,,,,-975.9799,4.02E-05,,,
,,,,-974.9799,4.09E-05,,,
,,,,-973.9799,4.16E-05,,,
,,,,-972.9799,4.23E-05,,,
,,,,-971.9799,4.30E-05,,,
,,,,-970.9799,4.38E-05,,,
,,,,-969.9799,4.45E-05,,,
,,,,-968.9799,4.53E-05,,,
,,,,-967.9799,4.61E-05,,,
,,,,-966.9799,4.69E-05,,,
,,,,-965.9799,4.77E-05,,,
,,,,-964.9799,4.85E-05,,,
,,,,-963.9799,4.94E-05,,,
,,,,-962.9799,5.02E-05,,,
,,,,-961.9799,5.11E-05,,,
,,,,-960.9799,5.20E-05,,,
,,,,-959.9799,5.29E-05,,,
,,,,-958.9799,5.38E-05,,,
,,,,-957.9799,5.47E-05,,,
,,,,-956.9799,5.56E-05,,,
,,,,-955.9799,5.66E-05,,,
,,,,-954.9799,5.75E-05,,,
,,,,-953.9799,5.85E-05,,,
,,,,-952.9799,5.95E-05,,,
,,,,-951.9799,6.05E-05,,,
,,,,-950.9799,6.15E-05,,,
,,,,-949.9799,6.26E-05,,,
,,,,-948.9799,6.36E-05,,,
,,,,-947.9799,6.47E-05,,,
,,,,-946.9799,6.58E-05,,,
,,,,-945.9799,6.69E-05,,,
,,,,-944.9799,6.80E-05,,,
,,,,-943.9799,6.92E-05,,,
,,,,-942.9799,7.04E-05,,,
,,,,-941.9799,7.15E-05,,,
,,,,-940.9799,7.27E-05,,,
,,,,-939.9799,7.39E-05,,,
,,,,-938.9799,7.52E-05,,,
,,,,-937.9799,7.64E-05,,,
,,,,-936.9799,7.77E-05,,,
,,,,-935.9799,7.90E-05,,,
,,,,-934.9799,8.03E-05,,,
,,,,-933.9799,8.17E-05,,,
,,,,-932.9799,8.30E-05,,,
,,,,-931.9799,8.44E-05,,,
,,,,-930.9799,8.58E-05,,,
,,,,-929.9799,8.72E-05,,,
,,,,-928.9799,8.86E-05,,,
,,,,-927.9799,9.01E-05,,,
,,,,-926.9799,9.16E-05,,,
,,,,-925.9799,9.31E-05,,,
,,,,-924.9799,9.46E-05,,,
,,,,-923.9799,9.62E-05,,,
,,,,-922.9799,9.77E-05,,,
,,,,-921.9799,9.93E-05,,,
,,,,-920.9799,0.0001,,,
,,,,-919.9799,0.0001,,,
,,,,-918.9799,0.0001,,,
,,,,-917.9799,0.00011,,,
,,,,-916.9799,0.00011,,,
,,,,-915.9799,0.00011,,,
,,,,-914.9799,0.00011,,,
,,,,-913.9799,0.00011,,,
,,,,-912.9799,0.00011,,,
,,,,-911.9799,0.00012,,,
,,,,-910.9799,0.00012,,,
,,,,-909.9799,0.00012,,,
,,,,-908.9799,0.00012,,,
,,,,-907.9799,0.00012,,,
,,,,-906.9799,0.00013,,,
,,,,-905.9799,0.00013,,,
,,,,-904.9799,0.00013,,,
,,,,-903.9799,0.00013,,,
,,,,-902.9799,0.00013,,,
,,,,-901.9799,0.00014,,,
,,,,-900.9799,0.00014,,,
,,,,-899.9799,0.00014,,,
,,,,-898.9799,0.00014,,,
,,,,-897.9799,0.00015,,,
,,,,-896.9799,0.00015,,,
,,,,-895.9799,0.00015,,,
,,,,-894.9799,0.00015,,,
,,,,-893.9799,0.00016,,,
,,,,-892.9799,0.00016,,,
,,,,-891.9799,0.00016,,,
,,,,-890.9799,0.00016,,,
,,,,-889.9799,0.00017,,,
,,,,-888.9799,0.00017,,,
,,,,-887.9799,0.00017,,,
,,,,-886.9799,0.00017,,,
,,,,-885.9799,0.00018,,,
,,,,-884.9799,0.00018,,,
,,,,-883.9799,0.00018,,,
,,,,-882.9799,0.00018,,,
,,,,-881.9799,0.00019,,,
,,,,-880.9799,0.00019,,,
,,,,-879.9799,0.00019,,,
,,,,-878.9799,0.0002,,,
,,,,-877.9799,0.0002,,,
,,,,-876.9799,0.0002,,,
,,,,-875.9799,0.00021,,,
,,,,-874.9799,0.00021,,,
,,,,-873.9799,0.00021,,,
,,,,-872.9799,0.00021,,,
,,,,-871.9799,0.00022,,,
,,,,-870.9799,0.00022,,,
,,,,-869.9799,0.00022,,,
,,,,-868.9799,0.00023,,,
,,,,-867.9799,0.00023,,,
,,,,-866.9799,0.00024,,,
,,,,-865.9799,0.00024,,,
,,,,-864.9799,0.00024,,,
,,,,-863.9799,0.00025,,,
,,,,-862.9799,0.00025,,,
,,,,-861.9799,0.00025,,,
,,,,-860.9799,0.00026,,,
,,,,-859.9799,0.00026,,,
,,,,-858.9799,0.00027,,,
,,,,-857.9799,0.00027,,,
,,,,-856.9799,0.00027,,,
,,,,-855.9799,0.00028,,,
,,,,-854.9799,0.00028,,,
,,,,-853.9799,0.00029,,,
,,,,-852.9799,0.00029,,,
,,,,-851.9799,0.00029,,,
,,,,-850.9799,0.0003,,,
,,,,-849.9799,0.0003,,,
,,,,-848.9799,0.00031,,,
,,,,-847.9799,0.00031,,,
,,,,-846.9799,0.00032,,,
,,,,-845.9799,0.00032,,,
,,,,-844.9799,0.00033,,,
,,,,-843.9799,0.00033,,,
,,,,-842.9799,0.00034,,,
,,,,-841.9799,0.00034,,,
,,,,-840.9799,0.00035,,,
,,,,-839.9799,0.00035,,,
,,,,-838.9799,0.00036,,,
,,,,-837.9799,0.00036,,,
,,,,-836.9799,0.00037,,,
,,,,-835.9799,0.00037,,,
,,,,-834.9799,0.00038,,,
,,,,-833.9799,0.00038,,,
,,,,-832.9799,0.00039,,,
,,,,-831.9799,0.00039,,,
,,,,-830.9799,0.0004,,,
,,,,-829.9799,0.00041,,,
,,,,-828.9799,0.00041,,,
,,,,-827.9799,0.00042,,,
,,,,-826.9799,0.00042,,,
,,,,-825.9799,0.00043,,,
,,,,-824.9799,0.00044,,,
,,,,-823.9799,0.00044,,,
,,,,-822.9799,0.00045,,,
,,,,-821.9799,0.00045,,,
,,,,-820.9799,0.00046,,,
,,,,-819.9799,0.00047,,,
,,,,-818.9799,0.00047,,,
,,,,-817.9799,0.00048,,,
,,,,-816.9799,0.00049,,,
,,,,-815.9799,0.00049,,,
,,,,-814.9799,0.0005,,,
,,,,-813.9799,0.00051,,,
,,,,-812.9799,0.00052,,,
,,,,-811.9799,0.00052,,,
,,,,-810.9799,0.00053,,,
,,,,-809.9799,0.00054,,,
,,,,-808.9799,0.00055,,,
,,,,-807.9799,0.00055,,,
,,,,-806.9799,0.00056,,,
,,,,-805.9799,0.00057,,,
,,,,-804.9799,0.00058,,,
,,,,-803.9799,0.00058,,,
,,,,-802.9799,0.00059,,,
,,,,-801.9799,0.0006,,,
,,,,-800.9799,0.00061,,,
,,,,-799.9799,0.00062,,,
,,,,-798.9799,0.00063,,,
,,,,-797.9799,0.00063,,,
,,,,-796.9799,0.00064,,,
,,,,-795.9799,0.00065,,,
,,,,-794.9799,0.00066,,,
,,,,-793.9799,0.00067,,,
,,,,-792.9799,0.00068,,,
,,,,-791.9799,0.00069,,,
,,,,-790.9799,0.0007,,,
,,,,-789.9799,0.00071,,,
,,,,-788.9799,0.00072,,,
,,,,-787.9799,0.00073,,,
,,,,-786.9799,0.00074,,,
,,,,-785.9799,0.00075,,,
,,,,-784.9799,0.00076,,,
,,,,-783.9799,0.00077,,,
,,,,-782.9799,0.00078,,,
,,,,-781.9799,0.00079,,,
,,,,-780.9799,0.0008,,,
,,,,-779.9799,0.00081,,,
,,,,-778.9799,0.00082,,,
,,,,-777.9799,0.00083,,,
,,,,-776.9799,0.00084,,,
,,,,-775.9799,0.00085,,,
,,,,-774.9799,0.00086,,,
,,,,-773.9799,0.00088,,,
,,,,-772.9799,0.00089,,,
,,,,-771.9799,0.0009,,,
,,,,-770.9799,0.00091,,,
,,,,-769.9799,0.00092,,,
,,,,-768.9799,0.00094,,,
,,,,-767.9799,0.00095,,,
,,,,-766.9799,0.00096,,,
,,,,-765.9799,0.00097,,,
,,,,-764.9799,0.00099,,,
,,,,-763.9799,0.001,,,
,,,,-762.9799,0.00101,,,
,,,,-761.9799,0.00103,,,
,,,,-760.9799,0.00104,,,
,,,,-759.9799,0.00105,,,
,,,,-758.9799,0.00107,,,
,,,,-757.9799,0.00108,,,
,,,,-756.9799,0.00109,,,
,,,,-755.9799,0.00111,,,
,,,,-754.9799,0.00112,,,
,,,,-753.9799,0.00114,,,
,,,,-752.9799,0.00115,,,
,,,,-751.9799,0.00117,,,
,,,,-750.9799,0.00118,,,
,,,,-749.9799,0.0012,,,
,,,,-748.9799,0.00121,,,
,,,,-747.9799,0.00123,,,
,,,,-746.9799,0.00124,,,
,,,,-745.9799,0.00126,,,
,,,,-744.9799,0.00127,,,
,,,,-743.9799,0.00129,,,
,,,,-742.9799,0.00131,,,
,,,,-741.9799,0.00132,,,
,,,,-740.9799,0.00134,,,
,,,,-739.9799,0.00136,,,
,,,,-738.9799,0.00137,,,
,,,,-737.9799,0.00139,,,
,,,,-736.9799,0.00141,,,
,,,,-735.9799,0.00143,,,
,,,,-734.9799,0.00144,,,
,,,,-733.9799,0.00146,,,
,,,,-732.9799,0.00148,,,
,,,,-731.9799,0.0015,,,
,,,,-730.9799,0.00152,,,
,,,,-729.9799,0.00154,,,
,,,,-728.9799,0.00156,,,
,,,,-727.9799,0.00157,,,
,,,,-726.9799,0.00159,,,
,,,,-725.9799,0.00161,,,
,,,,-724.9799,0.00163,,,
,,,,-723.9799,0.00165,,,
,,,,-722.9799,0.00167,,,
,,,,-721.9799,0.00169,,,
,,,,-720.9799,0.00171,,,
,,,,-719.9799,0.00174,,,
,,,,-718.9799,0.00176,,,
,,,,-717.9799,0.00178,,,
,,,,-716.9799,0.0018,,,
,,,,-715.9799,0.00182,,,
,,,,-714.9799,0.00184,,,
,,,,-713.9799,0.00187,,,
,,,,-712.9799,0.00189,,,
,,,,-711.9799,0.00191,,,
,,,,-710.9799,0.00193,,,
,,,,-709.9799,0.00196,,,
,,,,-708.9799,0.00198,,,
,,,,-707.9799,0.002,,,
,,,,-706.9799,0.00203,,,
,,,,-705.9799,0.00205,,,
,,,,-704.9799,0.00208,,,
,,,,-703.9799,0.0021,,,
,,,,-702.9799,0.00213,,,
,,,,-701.9799,0.00215,,,
,,,,-700.9799,0.00218,,,
,,,,-699.9799,0.0022,,,
,,,,-698.9799,0.00223,,,
,,,,-697.9799,0.00225,,,
,,,,-696.9799,0.00228,,,
,,,,-695.9799,0.00231,,,
,,,,-694.9799,0.00233,,,
,,,,-693.9799,0.00236,,,
,,,,-692.9799,0.00239,,,
,,,,-691.9799,0.00242,,,
,,,,-690.9799,0.00244,,,
,,,,-689.9799,0.00247,,,
,,,,-688.9799,0.0025,,,
,,,,-687.9799,0.00253,,,
,,,,-686.9799,0.00256,,,
,,,,-685.9799,0.00259,,,
,,,,-684.9799,0.00262,,,
,,,,-683.9799,0.00265,,,
,,,,-682.9799,0.00268,,,
,,,,-681.9799,0.00271,,,
,,,,-680.9799,0.00274,,,
,,,,-679.9799,0.00277,,,
,,,,-678.9799,0.0028,,,
,,,,-677.9799,0.00283,,,
,,,,-676.9799,0.00287,,,
,,,,-675.9799,0.0029,,,
,,,,-674.9799,0.00293,,,
,,,,-673.9799,0.00296,,,
,,,,-672.9799,0.003,,,
,,,,-671.9799,0.00303,,,
,,,,-670.9799,0.00306,,,
,,,,-669.9799,0.0031,,,
,,,,-668.9799,0.00313,,,
,,,,-667.9799,0.00317,,,
,,,,-666.9799,0.0032,,,
,,,,-665.9799,0.00324,,,
,,,,-664.9799,0.00327,,,
,,,,-663.9799,0.00331,,,
,,,,-662.9799,0.00335,,,
,,,,-661.9799,0.00338,,,
,,,,-660.9799,0.00342,,,
,,,,-659.9799,0.00346,,,
,,,,-658.9799,0.0035,,,
,,,,-657.9799,0.00353,,,
,,,,-656.9799,0.00357,,,
,,,,-655.9799,0.00361,,,
,,,,-654.9799,0.00365,,,
,,,,-653.9799,0.00369,,,
,,,,-652.9799,0.00373,,,
,,,,-651.9799,0.00377,,,
,,,,-650.9799,0.00381,,,
,,,,-649.9799,0.00385,,,
,,,,-648.9799,0.00389,,,
,,,,-647.9799,0.00394,,,
,,,,-646.9799,0.00398,,,
,,,,-645.9799,0.00402,,,
,,,,-644.9799,0.00406,,,
,,,,-643.9799,0.00411,,,
,,,,-642.9799,0.00415,,,
,,,,-641.9799,0.00419,,,
,,,,-640.9799,0.00424,,,
,,,,-639.9799,0.00428,,,
,,,,-638.9799,0.00433,,,
,,,,-637.9799,0.00437,,,
,,,,-636.9799,0.00442,,,
,,,,-635.9799,0.00446,,,
,,,,-634.9799,0.00451,,,
,,,,-633.9799,0.00456,,,
,,,,-632.9799,0.00461,,,
,,,,-631.9799,0.00465,,,
,,,,-630.9799,0.0047,,,
,,,,-629.9799,0.00475,,,
,,,,-628.9799,0.0048,,,
,,,,-627.9799,0.00485,,,
,,,,-626.9799,0.0049,,,
,,,,-625.9799,0.00495,,,
,,,,-624.9799,0.005,,,
,,,,-623.9799,0.00505,,,
,,,,-622.9799,0.0051,,,
,,,,-621.9799,0.00515,,,
,,,,-620.9799,0.00521,,,
,,,,-619.9799,0.00526,,,
,,,,-618.9799,0.00531,,,
,,,,-617.9799,0.00537,,,
,,,,-616.9799,0.00542,,,
,,,,-615.9799,0.00547,,,
,,,,-614.9799,0.00553,,,
,,,,-613.9799,0.00558,,,
,,,,-612.9799,0.00564,,,
,,,,-611.9799,0.0057,,,
,,,,-610.9799,0.00575,,,
,,,,-609.9799,0.00581,,,
,,,,-608.9799,0.00587,,,
,,,,-607.9799,0.00592,,,
,,,,-606.9799,0.00598,,,
,,,,-605.9799,0.00604,,,
,,,,-604.9799,0.0061,,,
,,,,-603.9799,0.00616,,,
,,,,-602.9799,0.00622,,,
,,,,-601.9799,0.00628,,,
,,,,-600.9799,0.00634,,,
,,,,-599.9799,0.0064,,,
,,,,-598.9799,0.00647,,,
,,,,-597.9799,0.00653,,,
,,,,-596.9799,0.00659,,,
,,,,-595.9799,0.00666,,,
,,,,-594.9799,0.00672,,,
,,,,-593.9799,0.00678,,,
,,,,-592.9799,0.00685,,,
,,,,-591.9799,0.00691,,,
,,,,-590.9799,0.00698,,,
,,,,-589.9799,0.00705,,,
,,,,-588.9799,0.00711,,,
,,,,-587.9799,0.00718,,,
,,,,-586.9799,0.00725,,,
,,,,-585.9799,0.00732,,,
,,,,-584.9799,0.00739,,,
,,,,-583.9799,0.00746,,,
,,,,-582.9799,0.00753,,,
,,,,-581.9799,0.0076,,,
,,,,-580.9799,0.00767,,,
,,,,-579.9799,0.00774,,,
,,,,-578.9799,0.00781,,,
,,,,-577.9799,0.00788,,,
,,,,-576.9799,0.00796,,,
,,,,-575.9799,0.00803,,,
,,,,-574.9799,0.0081,,,
,,,,-573.9799,0.00818,,,
,,,,-572.9799,0.00825,,,
,,,,-571.9799,0.00833,,,
,,,,-570.9799,0.0084,,,
,,,,-569.9799,0.00848,,,
,,,,-568.9799,0.00856,,,
,,,,-567.9799,0.00863,,,
,,,,-566.9799,0.00871,,,
,,,,-565.9799,0.00879,,,
,,,,-564.9799,0.00887,,,
,,,,-563.9799,0.00895,,,
,,,,-562.9799,0.00903,,,
,,,,-561.9799,0.00911,,,
,,,,-560.9799,0.00919,,,
,,,,-559.9799,0.00927,,,
,,,,-558.9799,0.00935,,,
,,,,-557.9799,0.00944,,,
,,,,-556.9799,0.00952,,,
,,,,-555.9799,0.0096,,,
,,,,-554.9799,0.00969,,,
,,,,-553.9799,0.00977,,,
,,,,-552.9799,0.00986,,,
,,,,-551.9799,0.00995,,,
,,,,-550.9799,0.01003,,,
,,,,-549.9799,0.01012,,,
,,,,-548.9799,0.01021,,,
,,,,-547.9799,0.0103,,,
,,,,-546.9799,0.01038,,,
,,,,-545.9799,0.01047,,,
,,,,-544.9799,0.01056,,,
,,,,-543.9799,0.01065,,,
,,,,-542.9799,0.01075,,,
,,,,-541.9799,0.01084,,,
,,,,-540.9799,0.01093,,,
,,,,-539.9799,0.01102,,,
,,,,-538.9799,0.01111,,,
,,,,-537.9799,0.01121,,,
,,,,-536.9799,0.0113,,,
,,,,-535.9799,0.0114,,,
,,,,-534.9799,0.01149,,,
,,,,-533.9799,0.01159,,,
,,,,-532.9799,0.01169,,,
,,,,-531.9799,0.01178,,,
,,,,-530.9799,0.01188,,,
,,,,-529.9799,0.01198,,,
,,,,-528.9799,0.01208,,,
,,,,-527.9799,0.01218,,,
,,,,-526.9799,0.01228,,,
,,,,-525.9799,0.01238,,,
,,,,-524.9799,0.01248,,,
,,,,-523.9799,0.01258,,,
,,,,-522.9799,0.01268,,,
,,,,-521.9799,0.01279,,,
,,,,-520.9799,0.01289,,,
,,,,-519.9799,0.01299,,,
,,,,-518.9799,0.0131,,,
,,,,-517.9799,0.0132,,,
,,,,-516.9799,0.01331,,,
,,,,-515.9799,0.01342,,,
,,,,-514.9799,0.01352,,,
,,,,-513.9799,0.01363,,,
,,,,-512.9799,0.01374,,,
,,,,-511.9799,0.01385,,,
,,,,-510.9799,0.01396,,,
,,,,-509.9799,0.01407,,,
,,,,-508.9799,0.01418,,,
,,,,-507.9799,0.01429,,,
,,,,-506.9799,0.0144,,,
,,,,-505.9799,0.01451,,,
,,,,-504.9799,0.01462,,,
,,,,-503.9799,0.01474,,,
,,,,-502.9799,0.01485,,,
,,,,-501.9799,0.01496,,,
,,,,-500.9799,0.01508,,,
,,,,-499.9799,0.01519,,,
,,,,-498.9799,0.01531,,,
,,,,-497.9799,0.01543,,,
,,,,-496.9799,0.01554,,,
,,,,-495.9799,0.01566,,,
,,,,-494.9799,0.01578,,,
,,,,-493.9799,0.0159,,,
,,,,-492.9799,0.01602,,,
,,,,-491.9799,0.01614,,,
,,,,-490.9799,0.01626,,,
,,,,-489.9799,0.01638,,,
,,,,-488.9799,0.0165,,,
,,,,-487.9799,0.01663,,,
,,,,-486.9799,0.01675,,,
,,,,-485.9799,0.01687,,,
,,,,-484.9799,0.017,,,
,,,,-483.9799,0.01712,,,
,,,,-482.9799,0.01725,,,
,,,,-481.9799,0.01737,,,
,,,,-480.9799,0.0175,,,
,,,,-479.9799,0.01762,,,
,,,,-478.9799,0.01775,,,
,,,,-477.9799,0.01788,,,
,,,,-476.9799,0.01801,,,
,,,,-475.9799,0.01814,,,
,,,,-474.9799,0.01827,,,
,,,,-473.9799,0.0184,,,
,,,,-472.9799,0.01853,,,
,,,,-471.9799,0.01866,,,
,,,,-470.9799,0.01879,,,
,,,,-469.9799,0.01892,,,
,,,,-468.9799,0.01906,,,
,,,,-467.9799,0.01919,,,
,,,,-466.9799,0.01932,,,
,,,,-465.9799,0.01946,,,
,,,,-464.9799,0.01959,,,
,,,,-463.9799,0.01973,,,
,,,,-462.9799,0.01986,,,
,,,,-461.9799,0.02,,,
,,,,-460.9799,0.02014,,,
,,,,-459.9799,0.02028,,,
,,,,-458.9799,0.02041,,,
,,,,-457.9799,0.02055,,,
,,,,-456.9799,0.02069,,,
,,,,-455.9799,0.02083,,,
,,,,-454.9799,0.02097,,,
,,,,-453.9799,0.02111,,,
,,,,-452.9799,0.02125,,,
,,,,-451.9799,0.0214,,,
,,,,-450.9799,0.02154,,,
,,,,-449.9799,0.02168,,,
,,,,-448.9799,0.02183,,,
,,,,-447.9799,0.02197,,,
,,,,-446.9799,0.02211,,,
,,,,-445.9799,0.02226,,,
,,,,-444.9799,0.0224,,,
,,,,-443.9799,0.02255,,,
,,,,-442.9799,0.0227,,,
,,,,-441.9799,0.02284,,,
,,,,-440.9799,0.02299,,,
,,,,-439.9799,0.02314,,,
,,,,-438.9799,0.02329,,,
,,,,-437.9799,0.02343,,,
,,,,-436.9799,0.02358,,,
,,,,-435.9799,0.02373,,,
,,,,-434.9799,0.02388,,,
,,,,-433.9799,0.02403,,,
,,,,-432.9799,0.02419,,,
,,,,-431.9799,0.02434,,,
,,,,-430.9799,0.02449,,,
,,,,-429.9799,0.02464,,,
,,,,-428.9799,0.02479,,,
,,,,-427.9799,0.02495,,,
,,,,-426.9799,0.0251,,,
,,,,-425.9799,0.02525,,,
,,,,-424.9799,0.02541,,,
,,,,-423.9799,0.02556,,,
,,,,-422.9799,0.02572,,,
,,,,-421.9799,0.02588,,,
,,,,-420.9799,0.02603,,,
,,,,-419.9799,0.02619,,,
,,,,-418.9799,0.02635,,,
,,,,-417.9799,0.0265,,,
,,,,-416.9799,0.02666,,,
,,,,-415.9799,0.02682,,,
,,,,-414.9799,0.02698,,,
,,,,-413.9799,0.02714,,,
,,,,-412.9799,0.0273,,,
,,,,-411.9799,0.02746,,,
,,,,-410.9799,0.02762,,,
,,,,-409.9799,0.02778,,,
,,,,-408.9799,0.02794,,,
,,,,-407.9799,0.0281,,,
,,,,-406.9799,0.02826,,,
,,,,-405.9799,0.02842,,,
,,,,-404.9799,0.02858,,,
,,,,-403.9799,0.02875,,,
,,,,-402.9799,0.02891,,,
,,,,-401.9799,0.02907,,,
,,,,-400.9799,0.02924,,,
,,,,-399.9799,0.0294,,,
,,,,-398.9799,0.02957,,,
,,,,-397.9799,0.02973,,,
,,,,-396.9799,0.0299,,,
,,,,-395.9799,0.03006,,,
,,,,-394.9799,0.03023,,,
,,,,-393.9799,0.03039,,,
,,,,-392.9799,0.03056,,,
,,,,-391.9799,0.03072,,,
,,,,-390.9799,0.03089,,,
,,,,-389.9799,0.03106,,,
,,,,-388.9799,0.03122,,,
,,,,-387.9799,0.03139,,,
,,,,-386.9799,0.03156,,,
,,,,-385.9799,0.03173,,,
,,,,-384.9799,0.0319,,,
,,,,-383.9799,0.03206,,,
,,,,-382.9799,0.03223,,,
,,,,-381.9799,0.0324,,,
,,,,-380.9799,0.03257,,,
,,,,-379.9799,0.03274,,,
,,,,-378.9799,0.03291,,,
,,,,-377.9799,0.03308,,,
,,,,-376.9799,0.03325,,,
,,,,-375.9799,0.03342,,,
,,,,-374.9799,0.03359,,,
,,,,-373.9799,0.03376,,,
,,,,-372.9799,0.03393,,,
,,,,-371.9799,0.0341,,,
,,,,-370.9799,0.03427,,,
,,,,-369.9799,0.03444,,,
,,,,-368.9799,0.03462,,,
,,,,-367.9799,0.03479,,,
,,,,-366.9799,0.03496,,,
,,,,-365.9799,0.03513,,,
,,,,-364.9799,0.0353,,,
,,,,-363.9799,0.03547,,,
,,,,-362.9799,0.03565,,,
,,,,-361.9799,0.03582,,,
,,,,-360.9799,0.03599,,,
,,,,-359.9799,0.03616,,,
,,,,-358.9799,0.03633,,,
,,,,-357.9799,0.03651,,,
,,,,-356.9799,0.03668,,,
,,,,-355.9799,0.03685,,,
,,,,-354.9799,0.03703,,,
,,,,-353.9799,0.0372,,,
,,,,-352.9799,0.03737,,,
,,,,-351.9799,0.03754,,,
,,,,-350.9799,0.03772,,,
,,,,-349.9799,0.03789,,,
,,,,-348.9799,0.03806,,,
,,,,-347.9799,0.03824,,,
,,,,-346.9799,0.03841,,,
,,,,-345.9799,0.03858,,,
,,,,-344.9799,0.03875,,,
,,,,-343.9799,0.03893,,,
,,,,-342.9799,0.0391,,,
,,,,-341.9799,0.03927,,,
,,,,-340.9799,0.03945,,,
,,,,-339.9799,0.03962,,,
,,,,-338.9799,0.03979,,,
,,,,-337.9799,0.03996,,,
,,,,-336.9799,0.04014,,,
,,,,-335.9799,0.04031,,,
,,,,-334.9799,0.04048,,,
,,,,-333.9799,0.04065,,,
,,,,-332.9799,0.04083,,,
,,,,-331.9799,0.041,,,
,,,,-330.9799,0.04117,,,
,,,,-329.9799,0.04134,,,
,,,,-328.9799,0.04151,,,
,,,,-327.9799,0.04168,,,
,,,,-326.9799,0.04186,,,
,,,,-325.9799,0.04203,,,
,,,,-324.9799,0.0422,,,
,,,,-323.9799,0.04237,,,
,,,,-322.9799,0.04254,,,
,,,,-321.9799,0.04271,,,
,,,,-320.9799,0.04288,,,
,,,,-319.9799,0.04305,,,
,,,,-318.9799,0.04322,,,
,,,,-317.9799,0.04339,,,
,,,,-316.9799,0.04356,,,
,,,,-315.9799,0.04373,,,
,,,,-314.9799,0.0439,,,
,,,,-313.9799,0.04407,,,
,,,,-312.9799,0.04424,,,
,,,,-311.9799,0.04441,,,
,,,,-310.9799,0.04457,,,
,,,,-309.9799,0.04474,,,
,,,,-308.9799,0.04491,,,
,,,,-307.9799,0.04508,,,
,,,,-306.9799,0.04524,,,
,,,,-305.9799,0.04541,,,
,,,,-304.9799,0.04558,,,
,,,,-303.9799,0.04574,,,
,,,,-302.9799,0.04591,,,
,,,,-301.9799,0.04607,,,
,,,,-300.9799,0.04624,,,
,,,,-299.9799,0.0464,,,
,,,,-298.9799,0.04657,,,
,,,,-297.9799,0.04673,,,
,,,,-296.9799,0.04689,,,
,,,,-295.9799,0.04706,,,
,,,,-294.9799,0.04722,,,
,,,,-293.9799,0.04738,,,
,,,,-292.9799,0.04754,,,
,,,,-291.9799,0.04771,,,
,,,,-290.9799,0.04787,,,
,,,,-289.9799,0.04803,,,
,,,,-288.9799,0.04819,,,
,,,,-287.9799,0.04835,,,
,,,,-286.9799,0.04851,,,
,,,,-285.9799,0.04867,,,
,,,,-284.9799,0.04882,,,
,,,,-283.9799,0.04898,,,
,,,,-282.9799,0.04914,,,
,,,,-281.9799,0.0493,,,
,,,,-280.9799,0.04945,,,
,,,,-279.9799,0.04961,,,
,,,,-278.9799,0.04976,,,
,,,,-277.9799,0.04992,,,
,,,,-276.9799,0.05007,,,
,,,,-275.9799,0.05023,,,
,,,,-274.9799,0.05038,,,
,,,,-273.9799,0.05053,,,
,,,,-272.9799,0.05068,,,
,,,,-271.9799,0.05084,,,
,,,,-270.9799,0.05099,,,
,,,,-269.9799,0.05114,,,
,,,,-268.9799,0.05129,,,
,,,,-267.9799,0.05144,,,
,,,,-266.9799,0.05158,,,
,,,,-265.9799,0.05173,,,
,,,,-264.9799,0.05188,,,
,,,,-263.9799,0.05203,,,
,,,,-262.9799,0.05217,,,
,,,,-261.9799,0.05232,,,
,,,,-260.9799,0.05246,,,
,,,,-259.9799,0.05261,,,
,,,,-258.9799,0.05275,,,
,,,,-257.9799,0.05289,,,
,,,,-256.9799,0.05303,,,
,,,,-255.9799,0.05317,,,
,,,,-254.9799,0.05331,,,
,,,,-253.9799,0.05345,,,
,,,,-252.9799,0.05359,,,
,,,,-251.9799,0.05373,,,
,,,,-250.9799,0.05387,,,
,,,,-249.9799,0.05401,,,
,,,,-248.9799,0.05414,,,
,,,,-247.9799,0.05428,,,
,,,,-246.9799,0.05441,,,
,,,,-245.9799,0.05455,,,
,,,,-244.9799,0.05468,,,
,,,,-243.9799,0.05481,,,
,,,,-242.9799,0.05494,,,
,,,,-241.9799,0.05507,,,
,,,,-240.9799,0.0552,,,
,,,,-239.9799,0.05533,,,
,,,,-238.9799,0.05546,,,
,,,,-237.9799,0.05559,,,
,,,,-236.9799,0.05571,,,
,,,,-235.9799,0.05584,,,
,,,,-234.9799,0.05596,,,
,,,,-233.9799,0.05609,,,
,,,,-232.9799,0.05621,,,
,,,,-231.9799,0.05633,,,
,,,,-230.9799,0.05645,,,
,,,,-229.9799,0.05657,,,
,,,,-228.9799,0.05669,,,
,,,,-227.9799,0.05681,,,
,,,,-226.9799,0.05693,,,
,,,,-225.9799,0.05704,,,
,,,,-224.9799,0.05716,,,
,,,,-223.9799,0.05727,,,
,,,,-222.9799,0.05739,,,
,,,,-221.9799,0.0575,,,
,,,,-220.9799,0.05761,,,
,,,,-219.9799,0.05772,,,
,,,,-218.9799,0.05783,,,
,,,,-217.9799,0.05794,,,
,,,,-216.9799,0.05805,,,
,,,,-215.9799,0.05816,,,
,,,,-214.9799,0.05826,,,
,,,,-213.9799,0.05837,,,
,,,,-212.9799,0.05847,,,
,,,,-211.9799,0.05858,,,
,,,,-210.9799,0.05868,,,
,,,,-209.9799,0.05878,,,
,,,,-208.9799,0.05888,,,
,,,,-207.9799,0.05898,,,
,,,,-206.9799,0.05908,,,
,,,,-205.9799,0.05917,,,
,,,,-204.9799,0.05927,,,
,,,,-203.9799,0.05936,,,
,,,,-202.9799,0.05946,,,
,,,,-201.9799,0.05955,,,
,,,,-200.9799,0.05964,,,
,,,,-199.9799,0.05973,,,
,,,,-198.9799,0.05982,,,
,,,,-197.9799,0.05991,,,
,,,,-196.9799,0.06,,,
,,,,-195.9799,0.06008,,,
,,,,-194.9799,0.06017,,,
,,,,-193.9799,0.06025,,,
,,,,-192.9799,0.06034,,,
,,,,-191.9799,0.06042,,,
,,,,-190.9799,0.0605,,,
,,,,-189.9799,0.06058,,,
,,,,-188.9799,0.06066,,,
,,,,-187.9799,0.06073,,,
,,,,-186.9799,0.06081,,,
,,,,-185.9799,0.06088,,,
,,,,-184.9799,0.06096,,,
,,,,-183.9799,0.06103,,,
,,,,-182.9799,0.0611,,,
,,,,-181.9799,0.06117,,,
,,,,-180.9799,0.06124,,,
,,,,-179.9799,0.06131,,,
,,,,-178.9799,0.06138,,,
,,,,-177.9799,0.06144,,,
,,,,-176.9799,0.06151,,,
,,,,-175.9799,0.06157,,,
,,,,-174.9799,0.06163,,,
,,,,-173.9799,0.06169,,,
,,,,-172.9799,0.06175,,,
,,,,-171.9799,0.06181,,,
,,,,-170.9799,0.06187,,,
,,,,-169.9799,0.06192,,,
,,,,-168.9799,0.06198,,,
,,,,-167.9799,0.06203,,,
,,,,-166.9799,0.06208,,,
,,,,-165.9799,0.06214,,,
,,,,-164.9799,0.06219,,,
,,,,-163.9799,0.06223,,,
,,,,-162.9799,0.06228,,,
,,,,-161.9799,0.06233,,,
,,,,-160.9799,0.06237,,,
,,,,-159.9799,0.06242,,,
,,,,-158.9799,0.06246,,,
,,,,-157.9799,0.0625,,,
,,,,-156.9799,0.06254,,,
,,,,-155.9799,0.06258,,,
,,,,-154.9799,0.06262,,,
,,,,-153.9799,0.06265,,,
,,,,-152.9799,0.06269,,,
,,,,-151.9799,0.06272,,,
,,,,-150.9799,0.06275,,,
,,,,-149.9799,0.06279,,,
,,,,-148.9799,0.06282,,,
,,,,-147.9799,0.06284,,,
,,,,-146.9799,0.06287,,,
,,,,-145.9799,0.0629,,,
,,,,-144.9799,0.06292,,,
,,,,-143.9799,0.06295,,,
,,,,-142.9799,0.06297,,,
,,,,-141.9799,0.06299,,,
,,,,-140.9799,0.06301,,,
,,,,-139.9799,0.06303,,,
,,,,-138.9799,0.06305,,,
,,,,-137.9799,0.06306,,,
,,,,-136.9799,0.06308,,,
,,,,-135.9799,0.06309,,,
,,,,-134.9799,0.0631,,,
,,,,-133.9799,0.06311,,,
,,,,-132.9799,0.06312,,,
,,,,-131.9799,0.06313,,,
,,,,-130.9799,0.06314,,,
,,,,-129.9799,0.06314,,,
,,,,-128.9799,0.06315,,,
,,,,-127.9799,0.06315,,,
,,,,-126.9799,0.06315,,,
,,,,-125.9799,0.06315,,,
,,,,-124.9799,0.06315,,,
,,,,-123.9799,0.06315,,,
,,,,-122.9799,0.06315,,,
,,,,-121.9799,0.06314,,,
,,,,-120.9799,0.06314,,,
,,,,-119.9799,0.06313,,,
,,,,-118.9799,0.06312,,,
,,,,-117.9799,0.06311,,,
,,,,-116.9799,0.0631,,,
,,,,-115.9799,0.06309,,,
,,,,-114.9799,0.06307,,,
,,,,-113.9799,0.06306,,,
,,,,-112.9799,0.06304,,,
,,,,-111.9799,0.06303,,,
,,,,-110.9799,0.06301,,,
,,,,-109.9799,0.06299,,,
,,,,-108.9799,0.06297,,,
,,,,-107.9799,0.06294,,,
,,,,-106.9799,0.06292,,,
,,,,-105.9799,0.06289,,,
,,,,-104.9799,0.06287,,,
,,,,-103.9799,0.06284,,,
,,,,-102.9799,0.06281,,,
,,,,-101.9799,0.06278,,,
,,,,-100.9799,0.06275,,,
,,,,-99.9799,0.06272,,,
,,,,-98.9799,0.06268,,,
,,,,-97.9799,0.06265,,,
,,,,-96.9799,0.06261,,,
,,,,-95.9799,0.06257,,,
,,,,-94.9799,0.06253,,,
,,,,-93.9799,0.06249,,,
,,,,-92.9799,0.06245,,,
,,,,-91.9799,0.06241,,,
,,,,-90.9799,0.06237,,,
,,,,-89.9799,0.06232,,,
,,,,-88.9799,0.06227,,,
,,,,-87.9799,0.06223,,,
,,,,-86.9799,0.06218,,,
,,,,-85.9799,0.06213,,,
,,,,-84.9799,0.06208,,,
,,,,-83.9799,0.06202,,,
,,,,-82.9799,0.06197,,,
,,,,-81.9799,0.06192,,,
,,,,-80.9799,0.06186,,,
,,,,-79.9799,0.0618,,,
,,,,-78.9799,0.06174,,,
,,,,-77.9799,0.06168,,,
,,,,-76.9799,0.06162,,,
,,,,-75.9799,0.06156,,,
,,,,-74.9799,0.0615,,,
,,,,-73.9799,0.06143,,,
,,,,-72.9799,0.06137,,,
,,,,-71.9799,0.0613,,,
,,,,-70.9799,0.06123,,,
,,,,-69.9799,0.06116,,,
,,,,-68.9799,0.06109,,,
,,,,-67.9799,0.06102,,,
,,,,-66.9799,0.06095,,,
,,,,-65.9799,0.06087,,,
,,,,-64.9799,0.0608,,,
,,,,-63.9799,0.06072,,,
,,,,-62.9799,0.06064,,,
,,,,-61.9799,0.06057,,,
,,,,-60.9799,0.06049,,,
,,,,-59.9799,0.0604,,,
,,,,-58.9799,0.06032,,,
,,,,-57.9799,0.06024,,,
,,,,-56.9799,0.06016,,,
,,,,-55.9799,0.06007,,,
,,,,-54.9799,0.05998,,,
,,,,-53.9799,0.0599,,,
,,,,-52.9799,0.05981,,,
,,,,-51.9799,0.05972,,,
,,,,-50.9799,0.05963,,,
,,,,-49.9799,0.05954,,,
,,,,-48.9799,0.05944,,,
,,,,-47.9799,0.05935,,,
,,,,-46.9799,0.05925,,,
,,,,-45.9799,0.05916,,,
,,,,-44.9799,0.05906,,,
,,,,-43.9799,0.05896,,,
,,,,-42.9799,0.05886,,,
,,,,-41.9799,0.05876,,,
,,,,-40.9799,0.05866,,,
,,,,-39.9799,0.05856,,,
,,,,-38.9799,0.05846,,,
,,,,-37.9799,0.05835,,,
,,,,-36.9799,0.05825,,,
,,,,-35.9799,0.05814,,,
,,,,-34.9799,0.05803,,,
,,,,-33.9799,0.05793,,,
,,,,-32.9799,0.05782,,,
,,,,-31.9799,0.05771,,,
,,,,-30.9799,0.0576,,,
,,,,-29.9799,0.05748,,,
,,,,-28.9799,0.05737,,,
,,,,-27.9799,0.05726,,,
,,,,-26.9799,0.05714,,,
,,,,-25.9799,0.05703,,,
,,,,-24.9799,0.05691,,,
,,,,-23.9799,0.05679,,,
,,,,-22.9799,0.05667,,,
,,,,-21.9799,0.05655,,,
,,,,-20.9799,0.05643,,,
,,,,-19.9799,0.05631,,,
,,,,-18.9799,0.05619,,,
,,,,-17.9799,0.05607,,,
,,,,-16.9799,0.05594,,,
,,,,-15.9799,0.05582,,,
,,,,-14.9799,0.05569,,,
,,,,-13.9799,0.05557,,,
,,,,-12.9799,0.05544,,,
,,,,-11.9799,0.05531,,,
,,,,-10.9799,0.05518,,,
,,,,-9.9799,0.05505,,,
,,,,-8.9799,0.05492,,,
,,,,-7.9799,0.05479,,,
,,,,-6.9799,0.05466,,,
,,,,-5.9799,0.05452,,,
,,,,-4.9799,0.05439,,,
,,,,-3.9799,0.05426,,,
,,,,-2.9799,0.05412,,,
,,,,-1.9799,0.05398,,,
,,,,-0.9799,0.05385,,,
,,,,0.0201,0.05371,,,
,,,,1.0201,0.05357,,,
,,,,2.0201,0.05343,,,
,,,,3.0201,0.05329,,,
,,,,4.0201,0.05315,,,
,,,,5.0201,0.05301,,,
,,,,6.0201,0.05287,,,
,,,,7.0201,0.05273,,,
,,,,8.0201,0.05258,,,
,,,,9.0201,0.05244,,,
,,,,10.0201,0.05229,,,
,,,,11.0201,0.05215,,,
,,,,12.0201,0.052,,,
,,,,13.0201,0.05186,,,
,,,,14.0201,0.05171,,,
,,,,15.0201,0.05156,,,
,,,,16.0201,0.05141,,,
,,,,17.0201,0.05126,,,
,,,,18.0201,0.05111,,,
,,,,19.0201,0.05096,,,
,,,,20.0201,0.05081,,,
,,,,21.0201,0.05066,,,
,,,,22.0201,0.05051,,,
,,,,23.0201,0.05036,,,
,,,,24.0201,0.0502,,,
,,,,25.0201,0.05005,,,
,,,,26.0201,0.04989,,,
,,,,27.0201,0.04974,,,
,,,,28.0201,0.04958,,,
,,,,29.0201,0.04943,,,
,,,,30.0201,0.04927,,,
,,,,31.0201,0.04911,,,
,,,,32.0201,0.04896,,,
,,,,33.0201,0.0488,,,
,,,,34.0201,0.04864,,,
,,,,35.0201,0.04848,,,
,,,,36.0201,0.04832,,,
,,,,37.0201,0.04816,,,
,,,,38.0201,0.048,,,
,,,,39.0201,0.04784,,,
,,,,40.0201,0.04768,,,
,,,,41.0201,0.04752,,,
,,,,42.0201,0.04736,,,
,,,,43.0201,0.04719,,,
,,,,44.0201,0.04703,,,
,,,,45.0201,0.04687,,,
,,,,46.0201,0.0467,,,
,,,,47.0201,0.04654,,,
,,,,48.0201,0.04638,,,
,,,,49.0201,0.04621,,,
,,,,50.0201,0.04605,,,
,,,,51.0201,0.04588,,,
,,,,52.0201,0.04572,,,
,,,,53.0201,0.04555,,,
,,,,54.0201,0.04538,,,
,,,,55.0201,0.04522,,,
,,,,56.0201,0.04505,,,
,,,,57.0201,0.04488,,,
,,,,58.0201,0.04471,,,
,,,,59.0201,0.04455,,,
,,,,60.0201,0.04438,,,
,,,,61.0201,0.04421,,,
,,,,62.0201,0.04404,,,
,,,,63.0201,0.04387,,,
,,,,64.0201,0.0437,,,
,,,,65.0201,0.04353,,,
,,,,66.0201,0.04336,,,
,,,,67.0201,0.04319,,,
,,,,68.0201,0.04302,,,
,,,,69.0201,0.04285,,,
,,,,70.0201,0.04268,,,
,,,,71.0201,0.04251,,,
,,,,72.0201,0.04234,,,
,,,,73.0201,0.04217,,,
,,,,74.0201,0.042,,,
,,,,75.0201,0.04183,,,
,,,,76.0201,0.04166,,,
,,,,77.0201,0.04149,,,
,,,,78.0201,0.04131,,,
,,,,79.0201,0.04114,,,
,,,,80.0201,0.04097,,,
,,,,81.0201,0.0408,,,
,,,,82.0201,0.04063,,,
,,,,83.0201,0.04045,,,
,,,,84.0201,0.04028,,,
,,,,85.0201,0.04011,,,
,,,,86.0201,0.03994,,,
,,,,87.0201,0.03976,,,
,,,,88.0201,0.03959,,,
,,,,89.0201,0.03942,,,
,,,,90.0201,0.03925,,,
,,,,91.0201,0.03907,,,
,,,,92.0201,0.0389,,,
,,,,93.0201,0.03873,,,
,,,,94.0201,0.03855,,,
,,,,95.0201,0.03838,,,
,,,,96.0201,0.03821,,,
,,,,97.0201,0.03803,,,
,,,,98.0201,0.03786,,,
,,,,99.0201,0.03769,,,
,,,,100.0201,0.03752,,,
,,,,101.0201,0.03734,,,
,,,,102.0201,0.03717,,,
,,,,103.0201,0.037,,,
,,,,104.0201,0.03683,,,
,,,,105.0201,0.03665,,,
,,,,106.0201,0.03648,,,
,,,,107.0201,0.03631,,,
,,,,108.0201,0.03614,,,
,,,,109.0201,0.03596,,,
,,,,110.0201,0.03579,,,
,,,,111.0201,0.03562,,,
,,,,112.0201,0.03545,,,
,,,,113.0201,0.03527,,,
,,,,114.0201,0.0351,,,
,,,,115.0201,0.03493,,,
,,,,116.0201,0.03476,,,
,,,,117.0201,0.03459,,,
,,,,118.0201,0.03442,,,
,,,,119.0201,0.03425,,,
,,,,120.0201,0.03407,,,
,,,,121.0201,0.0339,,,
,,,,122.0201,0.03373,,,
,,,,123.0201,0.03356,,,
,,,,124.0201,0.03339,,,
,,,,125.0201,0.03322,,,
,,,,126.0201,0.03305,,,
,,,,127.0201,0.03288,,,
,,,,128.0201,0.03271,,,
,,,,129.0201,0.03254,,,
,,,,130.0201,0.03238,,,
,,,,131.0201,0.03221,,,
,,,,132.0201,0.03204,,,
,,,,133.0201,0.03187,,,
,,,,134.0201,0.0317,,,
,,,,135.0201,0.03153,,,
,,,,136.0201,0.03137,,,
,,,,137.0201,0.0312,,,
,,,,138.0201,0.03103,,,
,,,,139.0201,0.03086,,,
,,,,140.0201,0.0307,,,
,,,,141.0201,0.03053,,,
,,,,142.0201,0.03037,,,
,,,,143.0201,0.0302,,,
,,,,144.0201,0.03003,,,
,,,,145.0201,0.02987,,,
,,,,146.0201,0.0297,,,
,,,,147.0201,0.02954,,,
,,,,148.0201,0.02938,,,
,,,,149.0201,0.02921,,,
,,,,150.0201,0.02905,,,
,,,,151.0201,0.02888,,,
,,,,152.0201,0.02872,,,
,,,,153.0201,0.02856,,,
,,,,154.0201,0.0284,,,
,,,,155.0201,0.02823,,,
,,,,156.0201,0.02807,,,
,,,,157.0201,0.02791,,,
,,,,158.0201,0.02775,,,
,,,,159.0201,0.02759,,,
,,,,160.0201,0.02743,,,
,,,,161.0201,0.02727,,,
,,,,162.0201,0.02711,,,
,,,,163.0201,0.02695,,,
,,,,164.0201,0.02679,,,
,,,,165.0201,0.02664,,,
,,,,166.0201,0.02648,,,
,,,,167.0201,0.02632,,,
,,,,168.0201,0.02616,,,
,,,,169.0201,0.02601,,,
,,,,170.0201,0.02585,,,
,,,,171.0201,0.0257,,,
,,,,172.0201,0.02554,,,
,,,,173.0201,0.02538,,,
,,,,174.0201,0.02523,,,
,,,,175.0201,0.02508,,,
,,,,176.0201,0.02492,,,
,,,,177.0201,0.02477,,,
,,,,178.0201,0.02462,,,
,,,,179.0201,0.02446,,,
,,,,180.0201,0.02431,,,
,,,,181.0201,0.02416,,,
,,,,182.0201,0.02401,,,
,,,,183.0201,0.02386,,,
,,,,184.0201,0.02371,,,
,,,,185.0201,0.02356,,,
,,,,186.0201,0.02341,,,
,,,,187.0201,0.02326,,,
,,,,188.0201,0.02311,,,
,,,,189.0201,0.02297,,,
,,,,190.0201,0.02282,,,
,,,,191.0201,0.02267,,,
,,,,192.0201,0.02253,,,
,,,,193.0201,0.02238,,,
,,,,194.0201,0.02224,,,
,,,,195.0201,0.02209,,,
,,,,196.0201,0.02195,,,
,,,,197.0201,0.0218,,,
,,,,198.0201,0.02166,,,
,,,,199.0201,0.02152,,,
,,,,200.0201,0.02137,,,
,,,,201.0201,0.02123,,,
,,,,202.0201,0.02109,,,
,,,,203.0201,0.02095,,,
,,,,204.0201,0.02081,,,
,,,,205.0201,0.02067,,,
,,,,206.0201,0.02053,,,
,,,,207.0201,0.02039,,,
,,,,208.0201,0.02025,,,
,,,,209.0201,0.02012,,,
,,,,210.0201,0.01998,,,
,,,,211.0201,0.01984,,,
,,,,212.0201,0.01971,,,
,,,,213.0201,0.01957,,,
,,,,214.0201,0.01944,,,
,,,,215.0201,0.0193,,,
,,,,216.0201,0.01917,,,
,,,,217.0201,0.01903,,,
,,,,218.0201,0.0189,,,
,,,,219.0201,0.01877,,,
,,,,220.0201,0.01864,,,
,,,,221.0201,0.01851,,,
,,,,222.0201,0.01838,,,
,,,,223.0201,0.01825,,,
,,,,224.0201,0.01812,,,
,,,,225.0201,0.01799,,,
,,,,226.0201,0.01786,,,
,,,,227.0201,0.01773,,,
,,,,228.0201,0.0176,,,
,,,,229.0201,0.01748,,,
,,,,230.0201,0.01735,,,
,,,,231.0201,0.01723,,,
,,,,232.0201,0.0171,,,
,,,,233.0201,0.01698,,,
,,,,234.0201,0.01685,,,
,,,,235.0201,0.01673,,,
,,,,236.0201,0.01661,,,
,,,,237.0201,0.01648,,,
,,,,238.0201,0.01636,,,
,,,,239.0201,0.01624,,,
,,,,240.0201,0.01612,,,
,,,,241.0201,0.016,,,
,,,,242.0201,0.01588,,,
,,,,243.0201,0.01576,,,
,,,,244.0201,0.01564,,,
,,,,245.0201,0.01553,,,
,,,,246.0201,0.01541,,,
,,,,247.0201,0.01529,,,
,,,,248.0201,0.01518,,,
,,,,249.0201,0.01506,,,
,,,,250.0201,0.01495,,,
,,,,251.0201,0.01483,,,
,,,,252.0201,0.01472,,,
,,,,253.0201,0.01461,,,
,,,,254.0201,0.01449,,,
,,,,255.0201,0.01438,,,
,,,,256.0201,0.01427,,,
,,,,257.0201,0.01416,,,
,,,,258.0201,0.01405,,,
,,,,259.0201,0.01394,,,
,,,,260.0201,0.01383,,,
,,,,261.0201,0.01372,,,
,,,,262.0201,0.01361,,,
,,,,263.0201,0.01351,,,
,,,,264.0201,0.0134,,,
,,,,265.0201,0.01329,,,
,,,,266.0201,0.01319,,,
,,,,267.0201,0.01308,,,
,,,,268.0201,0.01298,,,
,,,,269.0201,0.01287,,,
,,,,270.0201,0.01277,,,
,,,,271.0201,0.01267,,,
,,,,272.0201,0.01257,,,
,,,,273.0201,0.01246,,,
,,,,274.0201,0.01236,,,
,,,,275.0201,0.01226,,,
,,,,276.0201,0.01216,,,
,,,,277.0201,0.01206,,,
,,,,278.0201,0.01196,,,
,,,,279.0201,0.01187,,,
,,,,280.0201,0.01177,,,
,,,,281.0201,0.01167,,,
,,,,282.0201,0.01157,,,
,,,,283.0201,0.01148,,,
,,,,284.0201,0.01138,,,
,,,,285.0201,0.01129,,,
,,,,286.0201,0.01119,,,
,,,,287.0201,0.0111,,,
,,,,288.0201,0.01101,,,
,,,,289.0201,0.01091,,,
,,,,290.0201,0.01082,,,
,,,,291.0201,0.01073,,,
,,,,292.0201,0.01064,,,
,,,,293.0201,0.01055,,,
,,,,294.0201,0.01046,,,
,,,,295.0201,0.01037,,,
,,,,296.0201,0.01028,,,
,,,,297.0201,0.01019,,,
,,,,298.0201,0.01011,,,
,,,,299.0201,0.01002,,,
,,,,300.0201,0.00993,,,
,,,,301.0201,0.00985,,,
,,,,302.0201,0.00976,,,
,,,,303.0201,0.00968,,,
,,,,304.0201,0.00959,,,
,,,,305.0201,0.00951,,,
,,,,306.0201,0.00942,,,
,,,,307.0201,0.00934,,,
,,,,308.0201,0.00926,,,
,,,,309.0201,0.00918,,,
,,,,310.0201,0.0091,,,
,,,,311.0201,0.00902,,,
,,,,312.0201,0.00894,,,
,,,,313.0201,0.00886,,,
,,,,314.0201,0.00878,,,
,,,,315.0201,0.0087,,,
,,,,316.0201,0.00862,,,
,,,,317.0201,0.00854,,,
,,,,318.0201,0.00847,,,
,,,,319.0201,0.00839,,,
,,,,320.0201,0.00831,,,
,,,,321.0201,0.00824,,,
,,,,322.0201,0.00816,,,
,,,,323.0201,0.00809,,,
,,,,324.0201,0.00802,,,
,,,,325.0201,0.00794,,,
,,,,326.0201,0.00787,,,
,,,,327.0201,0.0078,,,
,,,,328.0201,0.00773,,,
,,,,329.0201,0.00766,,,
,,,,330.0201,0.00758,,,
,,,,331.0201,0.00751,,,
,,,,332.0201,0.00744,,,
,,,,333.0201,0.00738,,,
,,,,334.0201,0.00731,,,
,,,,335.0201,0.00724,,,
,,,,336.0201,0.00717,,,
,,,,337.0201,0.0071,,,
,,,,338.0201,0.00704,,,
,,,,339.0201,0.00697,,,
,,,,340.0201,0.0069,,,
,,,,341.0201,0.00684,,,
,,,,342.0201,0.00677,,,
,,,,343.0201,0.00671,,,
,,,,344.0201,0.00665,,,
,,,,345.0201,0.00658,,,
,,,,346.0201,0.00652,,,
,,,,347.0201,0.00646,,,
,,,,348.0201,0.0064,,,
,,,,349.0201,0.00633,,,
,,,,350.0201,0.00627,,,
,,,,351.0201,0.00621,,,
,,,,352.0201,0.00615,,,
,,,,353.0201,0.00609,,,
,,,,354.0201,0.00603,,,
,,,,355.0201,0.00597,,,
,,,,356.0201,0.00592,,,
,,,,357.0201,0.00586,,,
,,,,358.0201,0.0058,,,
,,,,359.0201,0.00574,,,
,,,,360.0201,0.00569,,,
,,,,361.0201,0.00563,,,
,,,,362.0201,0.00557,,,
,,,,363.0201,0.00552,,,
,,,,364.0201,0.00546,,,
,,,,365.0201,0.00541,,,
,,,,366.0201,0.00536,,,
,,,,367.0201,0.0053,,,
,,,,368.0201,0.00525,,,
,,,,369.0201,0.0052,,,
,,,,370.0201,0.00515,,,
,,,,371.0201,0.00509,,,
,,,,372.0201,0.00504,,,
,,,,373.0201,0.00499,,,
,,,,374.0201,0.00494,,,
,,,,375.0201,0.00489,,,
,,,,376.0201,0.00484,,,
,,,,377.0201,0.00479,,,
,,,,378.0201,0.00474,,,
,,,,379.0201,0.00469,,,
,,,,380.0201,0.00465,,,
,,,,381.0201,0.0046,,,
,,,,382.0201,0.00455,,,
,,,,383.0201,0.0045,,,
,,,,384.0201,0.00446,,,
,,,,385.0201,0.00441,,,
,,,,386.0201,0.00437,,,
,,,,387.0201,0.00432,,,
,,,,388.0201,0.00428,,,
,,,,389.0201,0.00423,,,
,,,,390.0201,0.00419,,,
,,,,391.0201,0.00414,,,
,,,,392.0201,0.0041,,,
,,,,393.0201,0.00406,,,
,,,,394.0201,0.00401,,,
,,,,395.0201,0.00397,,,
,,,,396.0201,0.00393,,,
,,,,397.0201,0.00389,,,
,,,,398.0201,0.00385,,,
,,,,399.0201,0.00381,,,
,,,,400.0201,0.00376,,,
,,,,401.0201,0.00372,,,
,,,,402.0201,0.00368,,,
,,,,403.0201,0.00365,,,
,,,,404.0201,0.00361,,,
,,,,405.0201,0.00357,,,
,,,,406.0201,0.00353,,,
,,,,407.0201,0.00349,,,
,,,,408.0201,0.00345,,,
,,,,409.0201,0.00342,,,
,,,,410.0201,0.00338,,,
,,,,411.0201,0.00334,,,
,,,,412.0201,0.00331,,,
,,,,413.0201,0.00327,,,
,,,,414.0201,0.00323,,,
,,,,415.0201,0.0032,,,
,,,,416.0201,0.00316,,,
,,,,417.0201,0.00313,,,
,,,,418.0201,0.00309,,,
,,,,419.0201,0.00306,,,
,,,,420.0201,0.00303,,,
,,,,421.0201,0.00299,,,
,,,,422.0201,0.00296,,,
,,,,423.0201,0.00293,,,
,,,,424.0201,0.00289,,,
,,,,425.0201,0.00286,,,
,,,,426.0201,0.00283,,,
,,,,427.0201,0.0028,,,
,,,,428.0201,0.00277,,,
,,,,429.0201,0.00274,,,
,,,,430.0201,0.0027,,,
,,,,431.0201,0.00267,,,
,,,,432.0201,0.00264,,,
,,,,433.0201,0.00261,,,
,,,,434.0201,0.00258,,,
,,,,435.0201,0.00255,,,
,,,,436.0201,0.00253,,,
,,,,437.0201,0.0025,,,
,,,,438.0201,0.00247,,,
,,,,439.0201,0.00244,,,
,,,,440.0201,0.00241,,,
,,,,441.0201,0.00238,,,
,,,,442.0201,0.00236,,,
,,,,443.0201,0.00233,,,
,,,,444.0201,0.0023,,,
,,,,445.0201,0.00228,,,
,,,,446.0201,0.00225,,,
,,,,447.0201,0.00222,,,
,,,,448.0201,0.0022,,,
,,,,449.0201,0.00217,,,
,,,,450.0201,0.00215,,,
,,,,451.0201,0.00212,,,
,,,,452.0201,0.0021,,,
,,,,453.0201,0.00207,,,
,,,,454.0201,0.00205,,,
,,,,455.0201,0.00202,,,
,,,,456.0201,0.002,,,
,,,,457.0201,0.00198,,,
,,,,458.0201,0.00195,,,
,,,,459.0201,0.00193,,,
,,,,460.0201,0.00191,,,
,,,,461.0201,0.00188,,,
,,,,462.0201,0.00186,,,
,,,,463.0201,0.00184,,,
,,,,464.0201,0.00182,,,
,,,,465.0201,0.0018,,,
,,,,466.0201,0.00177,,,
,,,,467.0201,0.00175,,,
,,,,468.0201,0.00173,,,
,,,,469.0201,0.00171,,,
,,,,470.0201,0.00169,,,
,,,,471.0201,0.00167,,,
,,,,472.0201,0.00165,,,
,,,,473.0201,0.00163,,,
,,,,474.0201,0.00161,,,
,,,,475.0201,0.00159,,,
,,,,476.0201,0.00157,,,
,,,,477.0201,0.00155,,,
,,,,478.0201,0.00153,,,
,,,,479.0201,0.00151,,,
,,,,480.0201,0.0015,,,
,,,,481.0201,0.00148,,,
,,,,482.0201,0.00146,,,
,,,,483.0201,0.00144,,,
,,,,484.0201,0.00142,,,
,,,,485.0201,0.00141,,,
,,,,486.0201,0.00139,,,
,,,,487.0201,0.00137,,,
,,,,488.0201,0.00135,,,
,,,,489.0201,0.00134,,,
,,,,490.0201,0.00132,,,
,,,,491.0201,0.0013,,,
,,,,492.0201,0.00129,,,
,,,,493.0201,0.00127,,,
,,,,494.0201,0.00126,,,
,,,,495.0201,0.00124,,,
,,,,496.0201,0.00122,,,
,,,,497.0201,0.00121,,,
,,,,498.0201,0.00119,,,
,,,,499.0201,0.00118,,,
,,,,500.0201,0.00116,,,
,,,,501.0201,0.00115,,,
,,,,502.0201,0.00113,,,
,,,,503.0201,0.00112,,,
,,,,504.0201,0.00111,,,
,,,,505.0201,0.00109,,,
,,,,506.0201,0.00108,,,
,,,,507.0201,0.00106,,,
,,,,508.0201,0.00105,,,
,,,,509.0201,0.00104,,,
,,,,510.0201,0.00102,,,
,,,,511.0201,0.00101,,,
,,,,512.0201,0.001,,,
,,,,513.0201,0.00098,,,
,,,,514.0201,0.00097,,,
,,,,515.0201,0.00096,,,
,,,,516.0201,0.00095,,,
,,,,517.0201,0.00093,,,
,,,,518.0201,0.00092,,,
,,,,519.0201,0.00091,,,
,,,,520.0201,0.0009,,,
,,,,521.0201,0.00089,,,
,,,,522.0201,0.00087,,,
,,,,523.0201,0.00086,,,
,,,,524.0201,0.00085,,,
,,,,525.0201,0.00084,,,
,,,,526.0201,0.00083,,,
,,,,527.0201,0.00082,,,
,,,,528.0201,0.00081,,,
,,,,529.0201,0.0008,,,
,,,,530.0201,0.00079,,,
,,,,531.0201,0.00078,,,
,,,,532.0201,0.00077,,,
,,,,533.0201,0.00076,,,
,,,,534.0201,0.00075,,,
,,,,535.0201,0.00074,,,
,,,,536.0201,0.00073,,,
,,,,537.0201,0.00072,,,
,,,,538.0201,0.00071,,,
,,,,539.0201,0.0007,,,
,,,,540.0201,0.00069,,,
,,,,541.0201,0.00068,,,
,,,,542.0201,0.00067,,,
,,,,543.0201,0.00066,,,
,,,,544.0201,0.00065,,,
,,,,545.0201,0.00064,,,
,,,,546.0201,0.00063,,,
,,,,547.0201,0.00062,,,
,,,,548.0201,0.00062,,,
,,,,549.0201,0.00061,,,
,,,,550.0201,0.0006,,,
,,,,551.0201,0.00059,,,
,,,,552.0201,0.00058,,,
,,,,553.0201,0.00058,,,
,,,,554.0201,0.00057,,,
,,,,555.0201,0.00056,,,
,,,,556.0201,0.00055,,,
,,,,557.0201,0.00054,,,
,,,,558.0201,0.00054,,,
,,,,559.0201,0.00053,,,
,,,,560.0201,0.00052,,,
,,,,561.0201,0.00051,,,
,,,,562.0201,0.00051,,,
,,,,563.0201,0.0005,,,
,,,,564.0201,0.00049,,,
,,,,565.0201,0.00049,,,
,,,,566.0201,0.00048,,,
,,,,567.0201,0.00047,,,
,,,,568.0201,0.00047,,,
,,,,569.0201,0.00046,,,
,,,,570.0201,0.00045,,,
,,,,571.0201,0.00045,,,
,,,,572.0201,0.00044,,,
,,,,573.0201,0.00043,,,
,,,,574.0201,0.00043,,,
,,,,575.0201,0.00042,,,
,,,,576.0201,0.00042,,,
,,,,577.0201,0.00041,,,
,,,,578.0201,0.0004,,,
,,,,579.0201,0.0004,,,
,,,,580.0201,0.00039,,,
,,,,581.0201,0.00039,,,
,,,,582.0201,0.00038,,,
,,,,583.0201,0.00038,,,
,,,,584.0201,0.00037,,,
,,,,585.0201,0.00037,,,
,,,,586.0201,0.00036,,,
,,,,587.0201,0.00036,,,
,,,,588.0201,0.00035,,,
,,,,589.0201,0.00034,,,
,,,,590.0201,0.00034,,,
,,,,591.0201,0.00033,,,
,,,,592.0201,0.00033,,,
,,,,593.0201,0.00033,,,
,,,,594.0201,0.00032,,,
,,,,595.0201,0.00032,,,
,,,,596.0201,0.00031,,,
,,,,597.0201,0.00031,,,
,,,,598.0201,0.0003,,,
,,,,599.0201,0.0003,,,
,,,,600.0201,0.00029,,,
,,,,601.0201,0.00029,,,
,,,,602.0201,0.00028,,,
,,,,603.0201,0.00028,,,
,,,,604.0201,0.00028,,,
,,,,605.0201,0.00027,,,
,,,,606.0201,0.00027,,,
,,,,607.0201,0.00026,,,
,,,,608.0201,0.00026,,,
,,,,609.0201,0.00026,,,
,,,,610.0201,0.00025,,,
,,,,611.0201,0.00025,,,
,,,,612.0201,0.00025,,,
,,,,613.0201,0.00024,,,
,,,,614.0201,0.00024,,,
,,,,615.0201,0.00023,,,
,,,,616.0201,0.00023,,,
,,,,617.0201,0.00023,,,
,,,,618.0201,0.00022,,,
,,,,619.0201,0.00022,,,
,,,,620.0201,0.00022,,,
,,,,621.0201,0.00021,,,
,,,,622.0201,0.00021,,,
,,,,623.0201,0.00021,,,
,,,,624.0201,0.0002,,,
,,,,625.0201,0.0002,,,
,,,,626.0201,0.0002,,,
,,,,627.0201,0.0002,,,
,,,,628.0201,0.00019,,,
,,,,629.0201,0.00019,,,
,,,,630.0201,0.00019,,,
,,,,631.0201,0.00018,,,
,,,,632.0201,0.00018,,,
,,,,633.0201,0.00018,,,
,,,,634.0201,0.00018,,,
,,,,635.0201,0.00017,,,
,,,,636.0201,0.00017,,,
,,,,637.0201,0.00017,,,
,,,,638.0201,0.00016,,,
,,,,639.0201,0.00016,,,
,,,,640.0201,0.00016,,,
,,,,641.0201,0.00016,,,
,,,,642.0201,0.00015,,,
,,,,643.0201,0.00015,,,
,,,,644.0201,0.00015,,,
,,,,645.0201,0.00015,,,
,,,,646.0201,0.00015,,,
,,,,647.0201,0.00014,,,
,,,,648.0201,0.00014,,,
,,,,649.0201,0.00014,,,
,,,,650.0201,0.00014,,,
,,,,651.0201,0.00013,,,
,,,,652.0201,0.00013,,,
,,,,653.0201,0.00013,,,
,,,,654.0201,0.00013,,,
,,,,655.0201,0.00013,,,
,,,,656.0201,0.00012,,,
,,,,657.0201,0.00012,,,
,,,,658.0201,0.00012,,,
,,,,659.0201,0.00012,,,
,,,,660.0201,0.00012,,,
,,,,661.0201,0.00011,,,
,,,,662.0201,0.00011,,,
,,,,663.0201,0.00011,,,
,,,,664.0201,0.00011,,,
,,,,665.0201,0.00011,,,
,,,,666.0201,0.00011,,,
,,,,667.0201,0.0001,,,
,,,,668.0201,0.0001,,,
,,,,669.0201,0.0001,,,
,,,,670.0201,9.91E-05,,,
,,,,671.0201,9.75E-05,,,
,,,,672.0201,9.59E-05,,,
,,,,673.0201,9.44E-05,,,
,,,,674.0201,9.28E-05,,,
,,,,675.0201,9.13E-05,,,
,,,,676.0201,8.99E-05,,,
,,,,677.0201,8.84E-05,,,
,,,,678.0201,8.70E-05,,,
,,,,679.0201,8.56E-05,,,
,,,,680.0201,8.42E-05,,,
,,,,681.0201,8.28E-05,,,
,,,,682.0201,8.14E-05,,,
,,,,683.0201,8.01E-05,,,
,,,,684.0201,7.88E-05,,,
,,,,685.0201,7.75E-05,,,
,,,,686.0201,7.62E-05,,,
,,,,687.0201,7.50E-05,,,
,,,,688.0201,7.38E-05,,,
,,,,689.0201,7.25E-05,,,
,,,,690.0201,7.13E-05,,,
,,,,691.0201,7.02E-05,,,
,,,,692.0201,6.90E-05,,,
,,,,693.0201,6.79E-05,,,
,,,,694.0201,6.67E-05,,,
,,,,695.0201,6.56E-05,,,
,,,,696.0201,6.45E-05,,,
,,,,697.0201,6.35E-05,,,
,,,,698.0201,6.24E-05,,,
,,,,699.0201,6.14E-05,,,
,,,,700.0201,6.04E-05,,,
,,,,701.0201,5.93E-05,,,
,,,,702.0201,5.84E-05,,,
,,,,703.0201,5.74E-05,,,
,,,,704.0201,5.64E-05,,,
,,,,705.0201,5.55E-05,,,
,,,,706.0201,5.45E-05,,,
,,,,707.0201,5.36E-05,,,
,,,,708.0201,5.27E-05,,,
,,,,709.0201,5.18E-05,,,
,,,,710.0201,5.09E-05,,,
,,,,711.0201,5.01E-05,,,
,,,,712.0201,4.92E-05,,,
,,,,713.0201,4.84E-05,,,
,,,,714.0201,4.76E-05,,,
,,,,715.0201,4.68E-05,,,
,,,,716.0201,4.60E-05,,,
,,,,717.0201,4.52E-05,,,
,,,,718.0201,4.44E-05,,,
,,,,719.0201,4.37E-05,,,
,,,,720.0201,4.29E-05,,,
,,,,721.0201,4.22E-05,,,
,,,,722.0201,4.15E-05,,,
,,,,723.0201,4.08E-05,,,
,,,,724.0201,4.01E-05,,,
,,,,725.0201,3.94E-05,,,
,,,,726.0201,3.87E-05,,,
,,,,727.0201,3.80E-05,,,
,,,,728.0201,3.74E-05,,,
,,,,729.0201,3.67E-05,,,
,,,,730.0201,3.61E-05,,,
,,,,731.0201,3.55E-05,,,
,,,,732.0201,3.48E-05,,,
,,,,733.0201,3.42E-05,,,
,,,,734.0201,3.37E-05,,,
,,,,735.0201,3.31E-05,,,
,,,,736.0201,3.25E-05,,,
,,,,737.0201,3.19E-05,,,
,,,,738.0201,3.14E-05,,,
,,,,739.0201,3.08E-05,,,
,,,,740.0201,3.03E-05,,,
,,,,741.0201,2.98E-05,,,
,,,,742.0201,2.92E-05,,,
,,,,743.0201,2.87E-05,,,
,,,,744.0201,2.82E-05,,,
,,,,745.0201,2.77E-05,,,
,,,,746.0201,2.72E-05,,,
,,,,747.0201,2.67E-05,,,
,,,,748.0201,2.63E-05,,,
,,,,749.0201,2.58E-05,,,
,,,,750.0201,2.54E-05,,,
,,,,751.0201,2.49E-05,,,
,,,,752.0201,2.45E-05,,,
,,,,753.0201,2.40E-05,,,
,,,,754.0201,2.36E-05,,,
,,,,755.0201,2.32E-05,,,
,,,,756.0201,2.28E-05,,,
,,,,757.0201,2.24E-05,,,
,,,,758.0201,2.20E-05,,,
,,,,759.0201,2.16E-05,,,
,,,,760.0201,2.12E-05,,,
,,,,761.0201,2.08E-05,,,
,,,,762.0201,2.04E-05,,,
,,,,763.0201,2.01E-05,,,
,,,,764.0201,1.97E-05,,,
,,,,765.0201,1.94E-05,,,
,,,,766.0201,1.90E-05,,,
,,,,767.0201,1.87E-05,,,
,,,,768.0201,1.83E-05,,,
,,,,769.0201,1.80E-05,,,
,,,,770.0201,1.77E-05,,,
,,,,771.0201,1.73E-05,,,
,,,,772.0201,1.70E-05,,,
,,,,773.0201,1.67E-05,,,
,,,,774.0201,1.64E-05,,,
,,,,775.0201,1.61E-05,,,
,,,,776.0201,1.58E-05,,,
,,,,777.0201,1.55E-05,,,
,,,,778.0201,1.53E-05,,,
,,,,779.0201,1.50E-05,,,
,,,,780.0201,1.47E-05,,,
,,,,781.0201,1.44E-05,,,
,,,,782.0201,1.42E-05,,,
,,,,783.0201,1.39E-05,,,
,,,,784.0201,1.37E-05,,,
,,,,785.0201,1.34E-05,,,
,,,,786.0201,1.32E-05,,,
,,,,787.0201,1.29E-05,,,
,,,,788.0201,1.27E-05,,,
,,,,789.0201,1.24E-05,,,
,,,,790.0201,1.22E-05,,,
,,,,791.0201,1.20E-05,,,
,,,,792.0201,1.18E-05,,,
,,,,793.0201,1.15E-05,,,
,,,,794.0201,1.13E-05,,,
,,,,795.0201,1.11E-05,,,
,,,,796.0201,1.09E-05,,,
,,,,797.0201,1.07E-05,,,
,,,,798.0201,1.05E-05,,,
,,,,799.0201,1.03E-05,,,
,,,,800.0201,1.01E-05,,,
,,,,801.0201,9.93E-06,,,
,,,,802.0201,9.75E-06,,,
,,,,803.0201,9.57E-06,,,
,,,,804.0201,9.39E-06,,,
,,,,805.0201,9.21E-06,,,
,,,,806.0201,9.04E-06,,,
,,,,807.0201,8.87E-06,,,
,,,,808.0201,8.70E-06,,,
,,,,809.0201,8.54E-06,,,
,,,,810.0201,8.37E-06,,,
,,,,811.0201,8.22E-06,,,
,,,,812.0201,8.06E-06,,,
,,,,813.0201,7.91E-06,,,
,,,,814.0201,7.76E-06,,,
,,,,815.0201,7.61E-06,,,
,,,,816.0201,7.47E-06,,,
,,,,817.0201,7.32E-06,,,
,,,,818.0201,7.18E-06,,,
,,,,819.0201,7.05E-06,,,
,,,,820.0201,6.91E-06,,,
,,,,821.0201,6.78E-06,,,
,,,,822.0201,6.65E-06,,,
,,,,823.0201,6.52E-06,,,
,,,,824.0201,6.40E-06,,,
,,,,825.0201,6.28E-06,,,
,,,,826.0201,6.16E-06,,,
,,,,827.0201,6.04E-06,,,
,,,,828.0201,5.92E-06,,,
,,,,829.0201,5.81E-06,,,
,,,,830.0201,5.69E-06,,,
,,,,831.0201,5.58E-06,,,
,,,,832.0201,5.48E-06,,,
,,,,833.0201,5.37E-06,,,
,,,,834.0201,5.27E-06,,,
,,,,835.0201,5.16E-06,,,
,,,,836.0201,5.06E-06,,,
,,,,837.0201,4.97E-06,,,
,,,,838.0201,4.87E-06,,,
,,,,839.0201,4.77E-06,,,
,,,,840.0201,4.68E-06,,,
,,,,841.0201,4.59E-06,,,
,,,,842.0201,4.50E-06,,,
,,,,843.0201,4.41E-06,,,
,,,,844.0201,4.33E-06,,,
,,,,845.0201,4.24E-06,,,
,,,,846.0201,4.16E-06,,,
,,,,847.0201,4.08E-06,,,
,,,,848.0201,4.00E-06,,,
,,,,849.0201,3.92E-06,,,
,,,,850.0201,3.84E-06,,,
,,,,851.0201,3.77E-06,,,
,,,,852.0201,3.69E-06,,,
,,,,853.0201,3.62E-06,,,
,,,,854.0201,3.55E-06,,,
,,,,855.0201,3.48E-06,,,
,,,,856.0201,3.41E-06,,,
,,,,857.0201,3.34E-06,,,
,,,,858.0201,3.27E-06,,,
,,,,859.0201,3.21E-06,,,
,,,,860.0201,3.15E-06,,,
,,,,861.0201,3.08E-06,,,
,,,,862.0201,3.02E-06,,,
,,,,863.0201,2.96E-06,,,
,,,,864.0201,2.90E-06,,,
,,,,865.0201,2.84E-06,,,
,,,,866.0201,2.79E-06,,,
,,,,867.0201,2.73E-06,,,
,,,,868.0201,2.68E-06,,,
,,,,869.0201,2.62E-06,,,
,,,,870.0201,2.57E-06,,,
,,,,871.0201,2.52E-06,,,
,,,,872.0201,2.47E-06,,,
,,,,873.0201,2.42E-06,,,
,,,,874.0201,2.37E-06,,,
,,,,875.0201,2.32E-06,,,
,,,,876.0201,2.27E-06,,,
,,,,877.0201,2.23E-06,,,
,,,,878.0201,2.18E-06,,,
,,,,879.0201,2.14E-06,,,
,,,,880.0201,2.10E-06,,,
,,,,881.0201,2.05E-06,,,
,,,,882.0201,2.01E-06,,,
,,,,883.0201,1.97E-06,,,
,,,,884.0201,1.93E-06,,,
,,,,885.0201,1.89E-06,,,
,,,,886.0201,1.85E-06,,,
,,,,887.0201,1.81E-06,,,
,,,,888.0201,1.78E-06,,,
,,,,889.0201,1.74E-06,,,
,,,,890.0201,1.71E-06,,,
,,,,891.0201,1.67E-06,,,
,,,,892.0201,1.64E-06,,,
,,,,893.0201,1.60E-06,,,
,,,,894.0201,1.57E-06,,,
,,,,895.0201,1.54E-06,,,
,,,,896.0201,1.51E-06,,,
,,,,897.0201,1.47E-06,,,
,,,,898.0201,1.44E-06,,,
,,,,899.0201,1.41E-06,,,
,,,,900.0201,1.39E-06,,,
,,,,901.0201,1.36E-06,,,
,,,,902.0201,1.33E-06,,,
,,,,903.0201,1.30E-06,,,
,,,,904.0201,1.27E-06,,,
,,,,905.0201,1.25E-06,,,
,,,,906.0201,1.22E-06,,,
,,,,907.0201,1.20E-06,,,
,,,,908.0201,1.17E-06,,,
,,,,909.0201,1.15E-06,,,
,,,,910.0201,1.12E-06,,,
,,,,911.0201,1.10E-06,,,
,,,,912.0201,1.08E-06,,,
,,,,913.0201,1.05E-06,,,
,,,,914.0201,1.03E-06,,,
,,,,915.0201,1.01E-06,,,
,,,,916.0201,9.89E-07,,,
,,,,917.0201,9.68E-07,,,
,,,,918.0201,9.48E-07,,,
,,,,919.0201,9.28E-07,,,
,,,,920.0201,9.08E-07,,,
,,,,921.0201,8.89E-07,,,
,,,,922.0201,8.70E-07,,,
,,,,923.0201,8.52E-07,,,
,,,,924.0201,8.34E-07,,,
,,,,925.0201,8.16E-07,,,
,,,,926.0201,7.99E-07,,,
,,,,927.0201,7.82E-07,,,
,,,,928.0201,7.65E-07,,,
,,,,929.0201,7.49E-07,,,
,,,,930.0201,7.33E-07,,,
,,,,931.0201,7.17E-07,,,
,,,,932.0201,7.02E-07,,,
,,,,933.0201,6.87E-07,,,
,,,,934.0201,6.72E-07,,,
,,,,935.0201,6.58E-07,,,
,,,,936.0201,6.44E-07,,,
,,,,937.0201,6.30E-07,,,
,,,,938.0201,6.17E-07,,,
,,,,939.0201,6.03E-07,,,
,,,,940.0201,5.90E-07,,,
,,,,941.0201,5.78E-07,,,
,,,,942.0201,5.65E-07,,,
,,,,943.0201,5.53E-07,,,
,,,,944.0201,5.41E-07,,,
,,,,945.0201,5.30E-07,,,
,,,,946.0201,5.18E-07,,,
,,,,947.0201,5.07E-07,,,
,,,,948.0201,4.96E-07,,,
,,,,949.0201,4.85E-07,,,
,,,,950.0201,4.75E-07,,,
,,,,951.0201,4.64E-07,,,
,,,,952.0201,4.54E-07,,,
,,,,953.0201,4.44E-07,,,
,,,,954.0201,4.35E-07,,,
,,,,955.0201,4.25E-07,,,
,,,,956.0201,4.16E-07,,,
,,,,957.0201,4.07E-07,,,
,,,,958.0201,3.98E-07,,,
,,,,959.0201,3.89E-07,,,
,,,,960.0201,3.81E-07,,,
,,,,961.0201,3.72E-07,,,
,,,,962.0201,3.64E-07,,,
,,,,963.0201,3.56E-07,,,
,,,,964.0201,3.48E-07,,,
,,,,965.0201,3.41E-07,,,
,,,,966.0201,3.33E-07,,,
,,,,967.0201,3.26E-07,,,
,,,,968.0201,3.19E-07,,,
,,,,969.0201,3.12E-07,,,
,,,,970.0201,3.05E-07,,,
,,,,971.0201,2.98E-07,,,
,,,,972.0201,2.92E-07,,,
,,,,973.0201,2.85E-07,,,
,,,,974.0201,2.79E-07,,,
,,,,975.0201,2.73E-07,,,
,,,,976.0201,2.67E-07,,,
,,,,977.0201,2.61E-07,,,
,,,,978.0201,2.55E-07,,,
,,,,979.0201,2.49E-07,,,
,,,,980.0201,2.44E-07,,,
,,,,981.0201,2.38E-07,,,
,,,,982.0201,2.33E-07,,,
,,,,983.0201,2.28E-07,,,
,,,,984.0201,2.23E-07,,,
,,,,985.0201,2.18E-07,,,
,,,,986.0201,2.13E-07,,,
,,,,987.0201,2.08E-07,,,
,,,,988.0201,2.03E-07,,,
,,,,989.0201,1.99E-07,,,
,,,,990.0201,1.94E-07,,,
,,,,991.0201,1.90E-07,,,
,,,,992.0201,1.86E-07,,,
,,,,993.0201,1.81E-07,,,
,,,,994.0201,1.77E-07,,,
,,,,995.0201,1.73E-07,,,
,,,,996.0201,1.69E-07,,,
,,,,997.0201,1.66E-07,,,
,,,,998.0201,1.62E-07,,,
,,,,999.0201,1.58E-07,,,
,,,,1000.0201,1.55E-07,,,
,,,,1001.0201,1.51E-07,,,
,,,,1002.0201,1.48E-07,,,
,,,,1003.0201,1.44E-07,,,
,,,,1004.0201,1.41E-07,,,
,,,,1005.0201,1.38E-07,,,
,,,,1006.0201,1.35E-07,,,
,,,,1007.0201,1.32E-07,,,
,,,,1008.0201,1.29E-07,,,
,,,,1009.0201,1.26E-07,,,
,,,,1010.0201,1.23E-07,,,
,,,,1011.0201,1.20E-07,,,
,,,,1012.0201,1.17E-07,,,
,,,,1013.0201,1.15E-07,,,
,,,,1014.0201,1.12E-07,,,
,,,,1015.0201,1.09E-07,,,
,,,,1016.0201,1.07E-07,,,
,,,,1017.0201,1.04E-07,,,
,,,,1018.0201,1.02E-07,,,
,,,,1019.0201,9.96E-08,,,
,,,,1020.0201,9.73E-08,,,
,,,,1021.0201,9.50E-08,,,
,,,,1022.0201,9.28E-08,,,
,,,,1023.0201,9.07E-08,,,
,,,,1024.0201,8.86E-08,,,
,,,,1025.0201,8.65E-08,,,
,,,,1026.0201,8.45E-08,,,
,,,,1027.0201,8.26E-08,,,
,,,,1028.0201,8.07E-08,,,
,,,,1029.0201,7.88E-08,,,
,,,,1030.0201,7.69E-08,,,
,,,,1031.0201,7.52E-08,,,
,,,,1032.0201,7.34E-08,,,
,,,,1033.0201,7.17E-08,,,
,,,,1034.0201,7.00E-08,,,
,,,,1035.0201,6.84E-08,,,
,,,,1036.0201,6.68E-08,,,
,,,,1037.0201,6.52E-08,,,
,,,,1038.0201,6.37E-08,,,
,,,,1039.0201,6.22E-08,,,
,,,,1040.0201,6.07E-08,,,
,,,,1041.0201,5.93E-08,,,
,,,,1042.0201,5.79E-08,,,
,,,,1043.0201,5.65E-08,,,
,,,,1044.0201,5.52E-08,,,
,,,,1045.0201,5.39E-08,,,
,,,,1046.0201,5.26E-08,,,
,,,,1047.0201,5.14E-08,,,
,,,,1048.0201,5.02E-08,,,
,,,,1049.0201,4.90E-08,,,
,,,,1050.0201,4.78E-08,,,
,,,,1051.0201,4.67E-08,,,
,,,,1052.0201,4.56E-08,,,
,,,,1053.0201,4.45E-08,,,
,,,,1054.0201,4.35E-08,,,
,,,,1055.0201,4.24E-08,,,
,,,,1056.0201,4.14E-08,,,
,,,,1057.0201,4.04E-08,,,
,,,,1058.0201,3.95E-08,,,
,,,,1059.0201,3.85E-08,,,
,,,,1060.0201,3.76E-08,,,
,,,,1061.0201,3.67E-08,,,
,,,,1062.0201,3.58E-08,,,
,,,,1063.0201,3.50E-08,,,
,,,,1064.0201,3.41E-08,,,
,,,,1065.0201,3.33E-08,,,
,,,,1066.0201,3.25E-08,,,
,,,,1067.0201,3.17E-08,,,
,,,,1068.0201,3.10E-08,,,
,,,,1069.0201,3.02E-08,,,
,,,,1070.0201,2.95E-08,,,
,,,,1071.0201,2.88E-08,,,
,,,,1072.0201,2.81E-08,,,
,,,,1073.0201,2.74E-08,,,
,,,,1074.0201,2.68E-08,,,
,,,,1075.0201,2.61E-08,,,
,,,,1076.0201,2.55E-08,,,
,,,,1077.0201,2.49E-08,,,
,,,,1078.0201,2.43E-08,,,
,,,,1079.0201,2.37E-08,,,
,,,,1080.0201,2.31E-08,,,
,,,,1081.0201,2.25E-08,,,
,,,,1082.0201,2.20E-08,,,
,,,,1083.0201,2.15E-08,,,
,,,,1084.0201,2.09E-08,,,
,,,,1085.0201,2.04E-08,,,
,,,,1086.0201,1.99E-08,,,
,,,,1087.0201,1.94E-08,,,
,,,,1088.0201,1.90E-08,,,
,,,,1089.0201,1.85E-08,,,
,,,,1090.0201,1.80E-08,,,
,,,,1091.0201,1.76E-08,,,
,,,,1092.0201,1.72E-08,,,
,,,,1093.0201,1.68E-08,,,
,,,,1094.0201,1.63E-08,,,
,,,,1095.0201,1.59E-08,,,
,,,,1096.0201,1.55E-08,,,
,,,,1097.0201,1.52E-08,,,
,,,,1098.0201,1.48E-08,,,
,,,,1099.0201,1.44E-08,,,
,,,,1100.0201,1.41E-08,,,
,,,,1101.0201,1.37E-08,,,
,,,,1102.0201,1.34E-08,,,
,,,,1103.0201,1.31E-08,,,
,,,,1104.0201,1.27E-08,,,
,,,,1105.0201,1.24E-08,,,
,,,,1106.0201,1.21E-08,,,
,,,,1107.0201,1.18E-08,,,
,,,,1108.0201,1.15E-08,,,
,,,,1109.0201,1.12E-08,,,
,,,,1110.0201,1.09E-08,,,
,,,,1111.0201,1.07E-08,,,
,,,,1112.0201,1.04E-08,,,
,,,,1113.0201,1.02E-08,,,
,,,,1114.0201,9.90E-09,,,
,,,,1115.0201,9.65E-09,,,
,,,,1116.0201,9.41E-09,,,
,,,,1117.0201,9.17E-09,,,
,,,,1118.0201,8.94E-09,,,
,,,,1119.0201,8.72E-09,,,
,,,,1120.0201,8.50E-09,,,
,,,,1121.0201,8.29E-09,,,
,,,,1122.0201,8.08E-09,,,
,,,,1123.0201,7.88E-09,,,
,,,,1124.0201,7.68E-09,,,
,,,,1125.0201,7.49E-09,,,
,,,,1126.0201,7.30E-09,,,
,,,,1127.0201,7.11E-09,,,
,,,,1128.0201,6.93E-09,,,
,,,,1129.0201,6.76E-09,,,
,,,,1130.0201,6.59E-09,,,
,,,,1131.0201,6.42E-09,,,
,,,,1132.0201,6.26E-09,,,
,,,,1133.0201,6.10E-09,,,
,,,,1134.0201,5.95E-09,,,
,,,,1135.0201,5.80E-09,,,
,,,,1136.0201,5.65E-09,,,
,,,,1137.0201,5.50E-09,,,
,,,,1138.0201,5.36E-09,,,
,,,,1139.0201,5.23E-09,,,
,,,,1140.0201,5.10E-09,,,
,,,,1141.0201,4.97E-09,,,
,,,,1142.0201,4.84E-09,,,
,,,,1143.0201,4.72E-09,,,
,,,,1144.0201,4.59E-09,,,
,,,,1145.0201,4.48E-09,,,
,,,,1146.0201,4.36E-09,,,
,,,,1147.0201,4.25E-09,,,
,,,,1148.0201,4.14E-09,,,
,,,,1149.0201,4.04E-09,,,
,,,,1150.0201,3.93E-09,,,
,,,,1151.0201,3.83E-09,,,
,,,,1152.0201,3.73E-09,,,
,,,,1153.0201,3.64E-09,,,
,,,,1154.0201,3.54E-09,,,
,,,,1155.0201,3.45E-09,,,
,,,,1156.0201,3.36E-09,,,
,,,,1157.0201,3.28E-09,,,
,,,,1158.0201,3.19E-09,,,
,,,,1159.0201,3.11E-09,,,
,,,,1160.0201,3.03E-09,,,
,,,,1161.0201,2.95E-09,,,
,,,,1162.0201,2.87E-09,,,
,,,,1163.0201,2.80E-09,,,
,,,,1164.0201,2.73E-09,,,
,,,,1165.0201,2.66E-09,,,
,,,,1166.0201,2.59E-09,,,
,,,,1167.0201,2.52E-09,,,
,,,,1168.0201,2.45E-09,,,
,,,,1169.0201,2.39E-09,,,
,,,,1170.0201,2.33E-09,,,
,,,,1171.0201,2.27E-09,,,
,,,,1172.0201,2.21E-09,,,
,,,,1173.0201,2.15E-09,,,
,,,,1174.0201,2.09E-09,,,
,,,,1175.0201,2.04E-09,,,
,,,,1176.0201,1.99E-09,,,
,,,,1177.0201,1.93E-09,,,
,,,,1178.0201,1.88E-09,,,
,,,,1179.0201,1.83E-09,,,
,,,,1180.0201,1.79E-09,,,
,,,,1181.0201,1.74E-09,,,
,,,,1182.0201,1.69E-09,,,
,,,,1183.0201,1.65E-09,,,
,,,,1184.0201,1.61E-09,,,
,,,,1185.0201,1.56E-09,,,
,,,,1186.0201,1.52E-09,,,
,,,,1187.0201,1.48E-09,,,
,,,,1188.0201,1.44E-09,,,
,,,,1189.0201,1.40E-09,,,
,,,,1190.0201,1.37E-09,,,
,,,,1191.0201,1.33E-09,,,
,,,,1192.0201,1.30E-09,,,
,,,,1193.0201,1.26E-09,,,
,,,,1194.0201,1.23E-09,,,
,,,,1195.0201,1.20E-09,,,
,,,,1196.0201,1.16E-09,,,
,,,,1197.0201,1.13E-09,,,
,,,,1198.0201,1.10E-09,,,
,,,,1199.0201,1.07E-09,,,
,,,,1200.0201,1.04E-09,,,
,,,,1201.0201,1.02E-09,,,
,,,,1202.0201,9.90E-10,,,
,,,,1203.0201,9.63E-10,,,
,,,,1204.0201,9.37E-10,,,
,,,,1205.0201,9.12E-10,,,
,,,,1206.0201,8.88E-10,,,
,,,,1207.0201,8.64E-10,,,
,,,,1208.0201,8.41E-10,,,
,,,,1209.0201,8.18E-10,,,
,,,,1210.0201,7.96E-10,,,
,,,,1211.0201,7.75E-10,,,
,,,,1212.0201,7.54E-10,,,
,,,,1213.0201,7.34E-10,,,
,,,,1214.0201,7.14E-10,,,
,,,,1215.0201,6.95E-10,,,
,,,,1216.0201,6.76E-10,,,
,,,,1217.0201,6.58E-10,,,
,,,,1218.0201,6.40E-10,,,
,,,,1219.0201,6.23E-10,,,
,,,,1220.0201,6.06E-10,,,
,,,,1221.0201,5.90E-10,,,
,,,,1222.0201,5.74E-10,,,
,,,,1223.0201,5.58E-10,,,
,,,,1224.0201,5.43E-10,,,
,,,,1225.0201,5.28E-10,,,
,,,,1226.0201,5.14E-10,,,
,,,,1227.0201,5.00E-10,,,
,,,,1228.0201,4.86E-10,,,
,,,,1229.0201,4.73E-10,,,
,,,,1230.0201,4.60E-10,,,
,,,,1231.0201,4.48E-10,,,
,,,,1232.0201,4.35E-10,,,
,,,,1233.0201,4.23E-10,,,
,,,,1234.0201,4.12E-10,,,
,,,,1235.0201,4.01E-10,,,
,,,,1236.0201,3.90E-10,,,
,,,,1237.0201,3.79E-10,,,
,,,,1238.0201,3.69E-10,,,
,,,,1239.0201,3.59E-10,,,
,,,,1240.0201,3.49E-10,,,
,,,,1241.0201,3.39E-10,,,
,,,,1242.0201,3.30E-10,,,
,,,,1243.0201,3.21E-10,,,
,,,,1244.0201,3.12E-10,,,
,,,,1245.0201,3.03E-10,,,
,,,,1246.0201,2.95E-10,,,
,,,,1247.0201,2.87E-10,,,
,,,,1248.0201,2.79E-10,,,
,,,,1249.0201,2.71E-10,,,
,,,,1250.0201,2.64E-10,,,
,,,,1251.0201,2.56E-10,,,
,,,,1252.0201,2.49E-10,,,
,,,,1253.0201,2.42E-10,,,
,,,,1254.0201,2.36E-10,,,
,,,,1255.0201,2.29E-10,,,
,,,,1256.0201,2.23E-10,,,
,,,,1257.0201,2.17E-10,,,
,,,,1258.0201,2.11E-10,,,
,,,,1259.0201,2.05E-10,,,
,,,,1260.0201,1.99E-10,,,
,,,,1261.0201,1.93E-10,,,
,,,,1262.0201,1.88E-10,,,
,,,,1263.0201,1.83E-10,,,
,,,,1264.0201,1.78E-10,,,
,,,,1265.0201,1.73E-10,,,
,,,,1266.0201,1.68E-10,,,
,,,,1267.0201,1.63E-10,,,
,,,,1268.0201,1.59E-10,,,
,,,,1269.0201,1.54E-10,,,
,,,,1270.0201,1.50E-10,,,
,,,,1271.0201,1.46E-10,,,
,,,,1272.0201,1.42E-10,,,
,,,,1273.0201,1.38E-10,,,
